headline,web_url,snippet,source,keywords,pub_date,byline,word_count,title
"‘The Attachment Diaries’ Review: Love, Sick",https://www.nytimes.com/2023/05/25/movies/the-attachment-diaries-review.html,"A gynecologist and her patient form a horrifyingly twisted connection in this batty, bloody Argentine melodrama.",The New York Times,"['Movies', 'The Attachment Diaries (Movie)', 'Diment, Valentin Javier']",2023-05-25T11:00:03+0000,By Jeannette Catsoulis,295,The Attachment Diaries
Review: ‘What’s Love Got to Do With It?’ Probably a Lot,https://www.nytimes.com/2023/05/04/movies/whats-love-got-to-do-with-it-review.html,Two childhood friends navigate cultural differences in this pleasantly uncontentious romantic comedy.,The New York Times,"['Movies', 'Kapur, Shekhar', 'James, Lily', 'Azmi, Shabana', 'Thompson, Emma']",2023-05-04T17:16:45+0000,By Jeannette Catsoulis,287,What’s Love Got to Do With It?’ Probably a Lo
‘You Can Live Forever’ Review: Do You Love Me Now?,https://www.nytimes.com/2023/05/04/movies/you-can-live-forever-review.html,Religion comes between two girls falling in love in the 1990s in this sweet coming-of-age film bathed in grunge hues.,The New York Times,"['Movies', 'You Can Live Forever (Movie)', 'Slutsky, Mark', 'Watts, Sarah (Film Director)', ""O'Driscoll, Anwen"", 'Laporte, June (Actor)']",2023-05-04T11:00:08+0000,By Elisabeth Vincentelli,294,You Can Live Forever
‘A Tourist’s Guide to Love’ Review: A Wearyingly Familiar Trip,https://www.nytimes.com/2023/04/21/movies/a-tourists-guide-to-love-review.html,Rachael Leigh Cook stars in this bland rom-com as a travel executive exploring Vietnam and getting over a breakup.,The New York Times,"['Movies', ""A Tourist's Guide to Love (Movie)"", 'Tsuchida, Steven', 'Cook, Rachael Leigh']",2023-04-21T07:03:25+0000,By Elisabeth Vincentelli,276,A Tourist’s Guide to Love
‘Other People’s Children’ Review: True Romance,https://www.nytimes.com/2023/04/20/movies/other-peoples-children-review.html,"A radiant Virginie Efira stars as a Parisian teacher who blissfully falls for a man and his 4-year-old daughter, complicating everyone’s lives.",The New York Times,"['Movies', 'Zlotowski, Rebecca', ""Other People's Children (Movie)""]",2023-04-20T15:35:13+0000,By Manohla Dargis,801,Other People’s Children
‘One True Loves’ Review: A Romance Lost at Sea,https://www.nytimes.com/2023/04/13/movies/one-true-loves-movie-review.html,"A film adaptation of Taylor Jenkins Reid’s novel has potential for drama, but it stumbles on stock melodrama.",The New York Times,"['Movies', 'Bracey, Luke (1989- )', 'Liu, Simu', 'Reid, Taylor Jenkins', 'Soo, Phillipa', 'Fickman, Andy', 'One True Loves (Movie)']",2023-04-13T11:00:06+0000,By Brandon Yu,320,One True Loves
‘The Lost Weekend: A Love Story’ Review: When John Lennon Strayed,https://www.nytimes.com/2023/04/13/movies/the-lost-weekend-a-love-story-review.html,"There’s not much Lennon music heard in this doc about his affair with May Pang, and given how much Pang trashes his wife, Yoko Ono, it’s no surprise it was withheld.",The New York Times,"['Documentary Films and Programs', 'The Lost Weekend: A Love Story (Movie)', 'Pang, May', 'Lennon, John', 'Ono, Yoko', 'Brandstein, Eve', 'Kaufman, Richard S (Filmmaker)', 'Samuels, Stuart (Filmmaker)', 'Content Type: Personal Profile', 'Pop and Rock Music']",2023-04-13T11:00:03+0000,By Glenn Kenny,327,The Lost Weekend: A Love Story
‘A Thousand and One’ Review: A New York Love Story,https://www.nytimes.com/2023/03/30/movies/a-thousand-and-one-review.html,"A mesmerizing Teyana Taylor stars in A.V. Rockwell’s feature directing debut, about motherhood and survival in a fast-changing city.",The New York Times,"['Movies', 'A Thousand and One (Movie)', 'Rockwell, AV (Film Director)', 'Taylor, Teyana (1990- )']",2023-03-30T18:53:42+0000,By Manohla Dargis,971,A Thousand and One
‘Your Place or Mine’ Review: Try Neither,https://www.nytimes.com/2023/02/09/movies/your-place-or-mine-review.html,This humdrum Netflix romantic comedy features Reese Witherspoon and Ashton Kutcher as longtime friends with possibly hidden feelings for each other.,The New York Times,"['Movies', 'Your Place or Mine (Movie)', 'Witherspoon, Reese', 'Kutcher, Ashton', 'McKenna, Aline Brosh']",2023-02-10T00:00:05+0000,By Amy Nicholson,569,Your Place or Mine
"‘Love in the Time of Fentanyl’ Review: Heartbreak, Death and Hope in Vancouver",https://www.nytimes.com/2023/02/02/movies/love-in-the-time-of-fentanyl-review.html,"To combat the overdose crisis, a group that includes former and current users open a safe consumption site where shooting up does not have to mean death.",The New York Times,"['Documentary Films and Programs', 'Fentanyl', 'Drug Abuse and Traffic', 'Volunteers and Community Service', 'Love in the Time of Fentanyl (Movie)', 'Askey, Colin', 'Vancouver (British Columbia)', 'Overdose Prevention Society']",2023-02-02T12:00:11+0000,By Concepción de León,306,Love in the Time of Fentanyl
"‘Pamela, a Love Story’ Review: A Frank Look Back",https://www.nytimes.com/2023/01/31/movies/pamela-a-love-story-review.html,"This documentary from Ryan White rewinds, to powerful effect, on Pamela Anderson’s life and fame.",The New York Times,"['Documentary Films and Programs', 'Anderson, Pamela (1967- )', 'White, Ryan (Filmmaker)', 'Pamela, a Love Story (Movie)']",2023-01-31T12:00:05+0000,By Glenn Kenny,295,"Pamela, a Love Story"
‘In From the Side’ Review: Love and Rugby Play a Losing Game,https://www.nytimes.com/2023/01/19/movies/in-from-the-side-review.html,"In Matt Carter’s gay rugby film, sports and romance smash together like two players from opposing teams.",The New York Times,"['Movies', 'In From the Side (Movie)', 'Carter, Matt (Filmmaker)']",2023-01-19T17:50:16+0000,By Kyle Turner,281,In From the Side
‘After Love’ Review: The Other Woman,https://www.nytimes.com/2023/01/19/movies/after-love-review.html,"In this intelligent melodrama by the director Aleem Khan, a British woman discovers her husband has been leading a double life.",The New York Times,"['Movies', 'After Love (2020) (Movie)', 'Khan, Aleem', 'Scanlan, Joanna (1961- )']",2023-01-19T12:00:06+0000,By Beatrice Loayza,359,After Love
‘Alcarràs’ Review: Labor of Love,https://www.nytimes.com/2023/01/05/movies/alcarras-review.html,"In this naturalistic drama from Spain, a family confronts the impending loss of its generations-old farm.",The New York Times,"['Movies', 'Simon, Carla', 'Alcarras (Movie)']",2023-01-05T12:00:03+0000,By Devika Girish,306,Alcarràs
"‘Nelly & Nadine’ Review: An Unlikely Love, an Unlikely Record",https://www.nytimes.com/2022/12/15/movies/nelly-and-nadine-review.html,A family archive provides intimate records of a love affair that began between two women imprisoned in the Ravensbrück concentration camp.,The New York Times,"['Documentary Films and Programs', 'Gertten, Magnus', 'Nelly & Nadine (Movie)', 'Content Type: Personal Profile', 'Holocaust and the Nazi Era', 'World War II (1939-45)', 'Women and Girls', 'Homosexuality and Bisexuality']",2022-12-15T12:00:04+0000,By Teo Bugbee,308,Nelly & Nadine
‘Lady Chatterley’s Lover’ Review: When Connie Met Ollie,https://www.nytimes.com/2022/12/01/movies/lady-chatterleys-lover-review.html,The new Netflix adaptation of D.H. Lawrence’s once-controversial novel is both steamy and decorous.,The New York Times,"['Movies', ""Lady Chatterley's Lover (Movie)"", 'Corrin, Emma (1995- )', 'De Clermont-Tonnerre, Laure', 'Lawrence, D H']",2022-12-01T16:40:55+0000,By A.O. Scott,768,Lady Chatterley’s Lover
‘The Sound of Christmas’ Review: A Gospel Singer Finds Love,https://www.nytimes.com/2022/11/23/movies/sound-of-christmas-review.html,A young singer gets more than she bargained for when she accepts a job as a nanny for a billionaire’s children.,The New York Times,"['Movies', 'Ne-Yo', 'The Sound of Christmas (Movie)', 'Mattison, Booker T', 'McNeill, Serayah']",2022-11-23T15:00:09+0000,By Concepción de León,277,The Sound of Christmas
"‘The Inspection’ Review: Boot Camp, a Love Story",https://www.nytimes.com/2022/11/17/movies/the-inspection-review-boot-camp-a-love-story.html,"Elegance Bratton’s autobiographical first feature is a lyrical, wrenching look at a young Marine’s journey through basic training.",The New York Times,"['Movies', 'The Inspection (Movie)', 'Bratton, Elegance']",2022-11-17T12:00:07+0000,By A.O. Scott,836,The Inspection
‘Bones and All’ Review: You Eat What You Are,https://www.nytimes.com/2022/11/17/movies/bones-and-all-review.html,Luca Guadagnino’s latest stars Timothée Chalamet and Taylor Russell as young cannibals on the run.,The New York Times,"['Movies', 'Bones and All (Movie)', 'Guadagnino, Luca', 'Chalamet, Timothee (1995- )', 'Russell, Taylor (1994- )']",2022-11-17T12:00:06+0000,By A.O. Scott,710,Bones and All
"‘My Policeman’ Review: Two Love Affairs, Equally Tragic",https://www.nytimes.com/2022/10/20/movies/my-policeman-review.html,"A schoolteacher, her police officer husband and his lover deny each other romantic satisfaction in this dismal melodrama.",The New York Times,"['Movies', 'My Policeman (Movie)', 'Grandage, Michael']",2022-10-20T16:52:51+0000,By Teo Bugbee,303,My Policeman
‘About Fate’ Review: Love the One You’re With?,https://www.nytimes.com/2022/09/08/movies/about-fate-review.html,"Thomas Mann’s beguiling performance drives this Emma Roberts vehicle, but the romantic comedy creaks under the weight of its coincidences.",The New York Times,"['Movies', 'About Fate (Movie)', 'Vaysberg, Marius', 'Mann, Thomas (1991- )', 'Roberts, Emma (1991- )']",2022-09-09T01:00:03+0000,By Lisa Kennedy,289,About Fate
‘Waiting for Bojangles’ Review: Endless Love,https://www.nytimes.com/2022/09/01/movies/waiting-for-bojangles-review-endless-love.html,"Set in Paris in the 1960s, the film tells the story of two irrepressible lovers, and their young son, whose tale turns tragic.",The New York Times,"['Movies', 'Bourdeaut, Olivier', 'Waiting for Bojangles (Movie)', 'Roinsard, Regis']",2022-09-01T11:00:06+0000,By Calum Marsh,267,Waiting for Bojangles
‘I Love My Dad’ Review: A Father Catfishes His Son,https://www.nytimes.com/2022/08/04/movies/i-love-my-dad-review.html,This comedy is a daddy-issues movie with a queasy premise truly made for these times.,The New York Times,"['Movies', 'Oswalt, Patton', 'I Love My Dad (Movie)', 'Morosini, James']",2022-08-04T11:00:05+0000,By Glenn Kenny,418,I Love My Dad
‘A Love Song’ Review: When Moving Forward Means Looking Back,https://www.nytimes.com/2022/07/28/movies/a-love-song-review.html,Two former childhood friends rekindle their connection in this sweetly hopeful story of romantic longing.,The New York Times,"['Movies', 'A Love Song (Movie)', 'Walker-Silverman, Max', 'Dickey, Dale (Actor)', 'Studi, Wes']",2022-07-28T11:00:06+0000,By Jeannette Catsoulis,395,A Love Song
‘Alone Together’ Review: Finding Love in a Pandemic Retreat,https://www.nytimes.com/2022/07/21/movies/alone-together-review.html,"Katie Holmes writes, directs and stars in this minor-key rom-com set in 2020.",The New York Times,"['Movies', 'Holmes, Katie', 'Alone Together (Movie)']",2022-07-21T15:37:18+0000,By Teo Bugbee,254,Alone Together
‘Art of Love’ Review: An Erotic Male Fantasy in Puerto Rico,https://www.nytimes.com/2022/07/21/movies/art-of-love-review.html,"A disillusioned college professor develops a relationship with a young Chinese woman, in a familiar and worn-out narrative.",The New York Times,"['Movies', 'Art of Love (Movie)', 'Kaplan, Betty (Film Director)']",2022-07-21T13:21:43+0000,By Concepción de León,354,Art of Love
‘The Wheel’ Review: Songs of Love and Hate,https://www.nytimes.com/2022/07/21/movies/the-wheel-review.html,"In this marriage drama, a young couple heads to the countryside to break out of a toxic cycle.",The New York Times,"['Movies', 'The Wheel (Movie)', 'Pink, Steve']",2022-07-21T11:00:08+0000,By Nicolas Rapold,287,The Wheel
‘Thor: Love and Thunder’ Review: A God’s Comic Twilight,https://www.nytimes.com/2022/07/07/movies/thor-love-and-thunder-review.html,"The director Taika Waititi injects antic silliness, once again, into this Marvel franchise starring Chris Hemsworth, who swings a mighty hammer and flexes mightier muscles.",The New York Times,"['Movies', 'Marvel Studios', 'Bale, Christian', 'Crowe, Russell', 'Hemsworth, Chris', 'Waititi, Taika', 'Thompson, Tessa', 'Portman, Natalie']",2022-07-07T18:26:10+0000,By Manohla Dargis,942,Thor: Love and Thunder
‘Both Sides of the Blade’ Review: Who Do You Love?,https://www.nytimes.com/2022/07/07/movies/both-sides-of-the-blade-review.html,"In the latest film from Claire Denis, Juliette Binoche plays a Parisian radio journalist in a romantic quandary.",The New York Times,"['Movies', 'Denis, Claire', 'Binoche, Juliette', 'Lindon, Vincent', 'Both Sides of the Blade (Movie)']",2022-07-07T11:00:07+0000,By A.O. Scott,649,Both Sides of the Blade
‘Fire of Love’ Review: A Volcanic Romance,https://www.nytimes.com/2022/07/06/movies/fire-of-love-review.html,Sara Dosa’s new documentary chronicles the lives and deaths of the French scientists Katia and Maurice Krafft.,The New York Times,"['Documentary Films and Programs', 'Volcanoes', 'Fire of Love (Movie)', 'Content Type: Personal Profile', 'Deaths (Fatalities)', 'Dosa, Sara', 'Krafft, Maurice (1946-91)', 'Krafft, Katia (1942-91)']",2022-07-06T11:00:06+0000,By A.O. Scott,609,Fire of Love
"‘Love & Gelato’ Review: A Young Girl, Transfigured by Italy",https://www.nytimes.com/2022/06/22/movies/love-gelato-review.html,A mother’s final wish leads her daughter to retrace her Roman holiday in this lighthearted coming-of-age story.,The New York Times,"['Movies', 'Love & Gelato (Movie)', 'Camp, Brandon (1971- )']",2022-06-23T03:06:01+0000,By Teo Bugbee,288,Love & Gelato
‘Stay Prayed Up’ Review: Spreading the Gospel of Love,https://www.nytimes.com/2022/06/16/movies/stay-prayed-up-review.html,"A new documentary about the gospel ensemble the Branchettes and its guiding light, Lena Mae Perry, is a plain-spoken tribute.",The New York Times,"['Documentary Films and Programs', 'Gospel Music', 'Stay Prayed Up (Movie)', 'Content Type: Personal Profile', 'Perry, Lena Mae', 'Branchettes (Music Group)', 'Anderson, DL (Filmmaker)', 'Durning, Matthew']",2022-06-16T11:00:08+0000,By Glenn Kenny,330,Stay Prayed Up
"‘Benediction’ Review: A Poet’s Life, in Love and War",https://www.nytimes.com/2022/06/02/movies/benediction-review.html,"Terence Davies’s latest film is a biography of Siegfried Sassoon, whose writing about World War I changed British literature.",The New York Times,"['Movies', 'Davies, Terence', 'Benediction (Movie)', 'Lowden, Jack (1990- )', 'Poetry and Poets', 'Sassoon, Siegfried']",2022-06-02T11:00:06+0000,By A.O. Scott,883,Benediction
‘Dinner in America’ Review: A Punk-Rock Love Story,https://www.nytimes.com/2022/05/26/movies/dinner-in-america-review.html,A rage-fueled rock singer on the run from the police meets and falls in love with a gullible young woman eager to escape her circumstances.,The New York Times,"['Movies', 'Rehmeier, Adam', 'Dinner in America (Book)']",2022-05-26T11:00:04+0000,By Concepción de León,254,Dinner in America
‘In a New York Minute’ Review: Love or Freedom?,https://www.nytimes.com/2022/05/03/movies/in-a-new-york-minute-review.html,This drama from Ximan Li teases time in telling the stories of three Chinese women living in a city that tempts promise but delivers frustration.,The New York Times,"['Movies', 'In A New York Minute (Movie)', 'Ximan Li']",2022-05-03T21:05:25+0000,By Lisa Kennedy,299,In a New York Minute
‘Anaïs in Love’ Review: Portrait of a Woman on the Run,https://www.nytimes.com/2022/04/28/movies/anais-in-love-review.html,"A restless woman discovers herself in a seductive French romance that throws out the usual dusty script about women, desire and pleasure.",The New York Times,"['Movies', 'Bourgeois-Tacquet, Charline', 'Anais in Love (Movie)']",2022-04-28T16:18:57+0000,By Manohla Dargis,842,Anaïs in Love
‘I Love America’ Review: The Gauche Rituals of Modern Romance,https://www.nytimes.com/2022/04/28/movies/i-love-america-review.html,The determinedly uplifting comedy follows a 50-year-old French filmmaker as she dates in Los Angeles.,The New York Times,"['Movies', 'Marceau, Sophie', 'I Love America (Movie)', 'Azuelos, Lisa']",2022-04-28T11:00:07+0000,By Nicolas Rapold,291,I Love America
‘See You Then’ Review: The More Things Stay the Same,https://www.nytimes.com/2022/04/18/movies/see-you-then-review.html,"Former lovers reconnect, litigating the past and present, in this drama from Mari Walker.",The New York Times,"['Movies', 'See You Then (Movie)', 'Walker, Mari']",2022-04-18T11:00:03+0000,By Kyle Turner,300,See You Then
‘La Mami’ Review: Tough Love,https://www.nytimes.com/2022/04/07/movies/la-mami-review-tough-love.html,This documentary about the den mother of dancers at a Mexico City cabaret is vérité at its best.,The New York Times,"['Documentary Films and Programs', 'Women and Girls', 'Dancing', 'Bars and Nightclubs', 'Labor and Jobs', 'Content Type: Personal Profile', 'Mexico City (Mexico)', 'Mexico', 'La Mami (Movie)', 'Garvin, Laura Herrero']",2022-04-07T11:00:04+0000,By Beandrea July,278,La Mami
‘Love After Love’ Review: Elegance Without a Center,https://www.nytimes.com/2022/03/17/movies/love-after-love-review.html,Ann Hui’s World War II-era film is lovely to look at but lacks emotional depth and resonance.,The New York Times,"['Movies', 'MUBI Inc', 'Hui, Ann', 'Peng, Eddie (1982- )', 'Hong Kong', 'Love After Love (Movie)']",2022-03-17T11:00:12+0000,By Claire Shaffer,292,Love After Love
‘Deep Water’ Review: Love and Loathing in New Orleans,https://www.nytimes.com/2022/03/17/movies/deep-water-review.html,An unhappy husband raises suspicions when his wife’s lovers begin to disappear.,The New York Times,"['Movies', 'Deep Water (Movie)', 'Affleck, Ben', 'Lyne, Adrian', 'de Armas, Ana']",2022-03-17T11:00:05+0000,By Jeannette Catsoulis,534,Deep Water
‘Lucy and Desi’ Review: Love in the Time of Television,https://www.nytimes.com/2022/03/03/movies/lucy-and-desi-review.html,"This documentary, directed by Amy Poehler and about the dynamic duo behind “I Love Lucy,” favors the good times over the difficult ones.",The New York Times,"['Documentary Films and Programs', 'Ball, Lucille', 'Arnaz, Desi', 'Poehler, Amy', 'Lucy and Desi (Movie)', 'Television', 'Actors and Actresses', 'Content Type: Personal Profile']",2022-03-03T16:06:54+0000,By Natalia Winkelman,279,Lucy and Desi
‘Cyrano’ Review: Who Wrote the Book of Love?,https://www.nytimes.com/2022/02/23/movies/cyrano-review.html,Peter Dinklage wields pen and sword in a musical adaptation of the durable French romance.,The New York Times,"['Movies', 'Cyrano (Movie)', 'Wright, Joe', 'Dinklage, Peter', 'Bennett, Haley', 'Harrison, Kelvin Jr', 'Berninger, Matt', 'Besser, Carin', 'Dessner, Aaron', 'Schmidt, Erica (1975- )', 'National, The (Music Group)']",2022-02-24T00:36:54+0000,By A.O. Scott,845,Cyrano
‘The In Between’ Review: Love Never Dies,https://www.nytimes.com/2022/02/11/movies/the-in-between-review.html,A teenage girl thinks that her dead boyfriend’s spirit is reaching out from the Great Beyond.,The New York Times,"['King, Joey', 'Allen, Kyle (1994- )', 'Movies', 'Posin, Arie', 'The In Between (Movie)']",2022-02-11T08:00:06+0000,By Lena Wilson,285,The In Between
‘Book of Love’ Review: Lust (Eventually) in Translation,https://www.nytimes.com/2022/02/04/movies/book-of-love-review.html,"Unbeknown to the author of an uninspired romance novel, the book takes a sharp turn into erotic territory in its Spanish-language release.",The New York Times,"['Movies', 'Claflin, Sam', 'Cal y Mayor, Analeine', 'Book of Love (Movie)']",2022-02-04T05:01:04+0000,By Natalia Winkelman,269,Book of Love
"‘Lingui, the Sacred Bonds’ Review: Love, Ferocious and Limitless",https://www.nytimes.com/2022/02/03/movies/lingui-the-sacred-bonds-review.html,"In this electric liberation story from Chad, a mother struggles to protect her daughter’s future and finds both herself and a world of possibility.",The New York Times,"['Movies', 'Haroun, Mahamat-Saleh', 'Lingui, the Sacred Bonds (Movie)']",2022-02-03T19:21:56+0000,By Manohla Dargis,852,"Lingui, the Sacred Bonds"
‘The Pink Cloud’ Review: Love in Lockdown,https://www.nytimes.com/2022/01/13/movies/the-pink-cloud-review.html,Iuli Gerbase’s first feature film reflects a funhouse-mirror image of our present lives.,The New York Times,"['Movies', 'The Pink Cloud (Movie)', 'Gerbase, Iuli']",2022-01-13T12:00:05+0000,By Claire Shaffer,316,The Pink Cloud
‘A Journal for Jordan’ Review: Reflections on Love Built and Lost,https://www.nytimes.com/2021/12/23/movies/a-journal-for-jordan-review.html,The actors Michael B. Jordan and Chanté Adams bring a compelling chemistry to the screen as opposites who fall for each other.,The New York Times,"['Movies', 'A Journal for Jordan (Movie)', 'Washington, Denzel', 'Jordan, Michael B', 'Adams, Chante', 'Books and Literature', 'A Journal for Jordan: A Story of Love and Honor (Book)', 'Canedy, Dana', 'Black People', 'Blacks']",2021-12-23T18:54:12+0000,By Lisa Kennedy,505,A Journal for Jordan
"‘West Side Story’ Review: In Love and War, 1957 Might Be Tonight",https://www.nytimes.com/2021/12/08/movies/west-side-story-review.html,"Steven Spielberg rediscovers the breathing, troubling essence of a classic, building a bold and current screen musical with no pretense to perfection.",The New York Times,"['Movies', 'Theater', 'Alvarez, David (1994- )', 'Bernstein, Leonard', 'DeBose, Ariana', 'Kushner, Tony', 'Laurents, Arthur', 'Peck, Justin', 'Robbins, Jerome', 'Sondheim, Stephen', 'Spielberg, Steven', 'Tesori, Jeanine', 'New York City', 'West Side Story (2021) (Movie)']",2021-12-08T14:55:30+0000,By A.O. Scott,1316,West Side Story
"‘Aulcie’ Review: Love and Basketball, in Israel",https://www.nytimes.com/2021/11/16/movies/aulcie-review.html,"This melodramatic documentary chronicles how Aulcie Perry, a basketball center from New Jersey, became a celebrity in Israel after he joined the Maccabi Tel Aviv team.",The New York Times,"['Documentary Films and Programs', 'Basketball', 'Menkin, Dani', 'Perry, Aulcie', 'Aulcie (Movie)', 'Israel']",2021-11-16T21:35:40+0000,By Natalia Winkelman,259,Aulcie
‘Love Is Love Is Love’ Review: Aging Too Gracefully,https://www.nytimes.com/2021/11/11/movies/love-is-love-is-love-review.html,"The characters in this idle drama, directed by Eleanor Coppola, seem mostly content. That’s the problem.",The New York Times,"['Movies', 'Coppola, Eleanor', 'Arquette, Rosanna', 'Shepherd, Cybill', 'Wilson, Rita', 'Love Is Love Is Love (Movie)']",2021-11-11T12:00:06+0000,By Teo Bugbee,292,Love Is Love Is Love
"‘Love Hard’ Review: Seeking Connection, Not Perfection",https://www.nytimes.com/2021/11/05/movies/love-hard-review.html,"When a perennially single journalist travels across the country to meet her dream guy, she finds she’s been catfished.",The New York Times,"['Movies', 'Love Hard (Movie)', 'Jimenez, Hernan']",2021-11-05T07:01:03+0000,By Concepción de León,343,Love Hard
‘Bergman Island’ Review: Love Among the Cinephiles,https://www.nytimes.com/2021/10/14/movies/bergman-island-review.html,"In Mia Hansen-Love’s new film, Vicky Krieps and Tim Roth play filmmakers on the rocks in the Baltic Sea.",The New York Times,"['Movies', 'Bergman, Ingmar', 'Roth, Tim', 'Wasikowska, Mia', 'Hansen-Love, Mia', 'Bergman Island (Movie)', 'Krieps, Vicky']",2021-10-14T16:00:06+0000,By A.O. Scott,888,Bergman Island
‘Hard Luck Love Song’ Review: A Glossy Take on a Gritty Tune,https://www.nytimes.com/2021/10/14/movies/hard-luck-love-song-review.html,"Drawn from the plotline of a Todd Snider song, the film follows a pool shark and an escort, taking twists that are both violent and silly.",The New York Times,"['Movies', 'Dorman, Michael (1981- )', 'Hard Luck Love Song (Movie)', 'Bush, Sophia (1982- )']",2021-10-14T12:27:03+0000,By Glenn Kenny,320,Hard Luck Love Song
‘South of Heaven’ Review: Anything for Love,https://www.nytimes.com/2021/10/07/movies/south-of-heaven-review.html,Jason Sudeikis plays a paroled felon who vows to give his dying lover the best year of her life.,The New York Times,"['Movies', 'Sudeikis, Jason', 'Lilly, Evangeline (1979- )', 'Keshales, Aharon', 'South of Heaven (Movie)']",2021-10-07T17:17:19+0000,By Amy Nicholson,323,South of Heaven
‘Wife of a Spy’ Review: Trust or Fear in Love and War?,https://www.nytimes.com/2021/09/16/movies/wife-of-a-spy-review-trust-or-fear-in-love-and-war.html,"In this latest work by Kiyoshi Kurosawa, a Japanese couple’s relationship is shaped by the forces of churning nationalism that surround it.",The New York Times,"['Movies', 'Kurosawa, Kiyoshi', 'Wife of a Spy (Movie)']",2021-09-16T11:00:07+0000,By Glenn Kenny,448,Wife of a Spy
‘Happier Than Ever’ Review: Modern Pop Meets Classic Hollywood,https://www.nytimes.com/2021/09/02/movies/happier-than-ever-review.html,"In the Disney+ concert film “Happier Than Ever: A Love Letter to Los Angeles,” the pop star Billie Eilish pays tribute to the star-struck hauntedness of that city.",The New York Times,"['Documentary Films and Programs', 'Music', 'Eilish, Billie', 'Rodriguez, Robert', 'Happier Than Ever: A Love Letter to Los Angeles (Movie)', 'Osborne, Patrick (Film Director)', 'Los Angeles (Calif)']",2021-09-02T11:00:07+0000,By Teo Bugbee,302,Happier Than Ever
‘Together’ Review: Love and Loathing in London,https://www.nytimes.com/2021/08/26/movies/together-review.html,Sharon Horgan and James McAvoy play a battling couple trapped in lockdown in this theatrical pandemic drama.,The New York Times,"['Movies', 'Together (Movie)', 'Daldry, Stephen', 'McAvoy, James', 'Horgan, Sharon (1970- )']",2021-08-26T11:00:06+0000,By Jeannette Catsoulis,412,Together
‘Annette’ Review: Love Hurts,https://www.nytimes.com/2021/08/05/movies/annette-review.html,"Adam Driver and Marion Cotillard are star-crossed lovers in this hallucinatory musical, written by Sparks and directed by Leos Carax.",The New York Times,"['Movies', 'Carax, Leos', 'Cotillard, Marion', 'Driver, Adam', 'Mael, Ron', 'Mael, Russell', 'Annette (Movie)', 'Sparks (Music Group)']",2021-08-05T11:00:07+0000,By A.O. Scott,1069,Annette
‘Resort to Love’ Review: A Struggling Singer in Paradise,https://www.nytimes.com/2021/07/29/movies/resort-to-love-review.html,"In this romantic comedy, a woman reeling from a failed engagement and a flailing career escapes to a glamorous island resort.",The New York Times,"['Movies', 'Milian, Christina', 'Resort to Love (Movie)', 'Tsuchida, Steven']",2021-07-29T11:00:07+0000,By Concepción de León,310,Resort to Love
"‘Woodstock 99: Peace, Love and Rage’ Review: How a Festival Went Wrong",https://www.nytimes.com/2021/07/23/movies/woodstock-99-peace-love-and-rage-review.html,An HBO documentary examines a music festival that went so far off the rails that it defined an era.,The New York Times,"['Documentary Films and Programs', 'Price, Garret', 'Woodstock 99: Peace, Love and Rage (Movie)', 'Woodstock Music Festivals']",2021-07-23T11:00:05+0000,By Elisabeth Vincentelli,418,"Woodstock 99: Peace, Love and Rage"
"‘Casanova, Last Love’ Review: Reappraising a Philanderer",https://www.nytimes.com/2021/07/14/movies/casanova-last-love-review-reappraising-a-philanderer.html,Benoît Jacquot’s erotic costume drama envisions the Italian playboy as a weathered sad sack living in exile.,The New York Times,"['Movies', 'Jacquot, Benoit', 'Casanova, Last Love (Movie)']",2021-07-14T22:12:43+0000,By Beatrice Loayza,312,"Casanova, Last Love"
‘Running Against the Wind’ Review: Love and Friendship in Addis Ababa,https://www.nytimes.com/2021/07/08/movies/running-against-the-wind-review.html,Two childhood best friends reunite in this unfocused yet uplifting sports drama by the filmmaker Jan Philipp Weyl.,The New York Times,"['Movies', 'Running Against the Wind (Movie)', 'Weyl, Jan Philipp']",2021-07-08T11:00:05+0000,By Beatrice Loayza,342,Running Against the Wind
‘Asia’ Review: Tough Love and an Indecent Proposal,https://www.nytimes.com/2021/06/10/movies/asia-review.html,This drama about a young single mother and a terminally ill daughter avoids sentimentalism but indulges heavily in dourness.,The New York Times,"['Movies', 'Haas, Shira', 'Pribar, Ruthy', 'Yiv, Alena']",2021-06-10T11:00:15+0000,By Devika Girish,290,Asia
‘Undine’ Review: Love In and Out of the Water,https://www.nytimes.com/2021/06/03/movies/undine-review.html,"Paula Beer and Franz Rogowski, who made an impression in 2019’s “Transit,” are reunited by the director Christian Petzold for this adaptation of a European myth.",The New York Times,"['Movies', 'Petzold, Christian', 'Rogowski, Franz', 'Undine (Movie)', 'Beer, Paula (1995- )']",2021-06-03T11:00:08+0000,By Glenn Kenny,535,Undine
‘This Town’ Review: Love and Rifles,https://www.nytimes.com/2021/05/20/movies/this-town-review.html,This small-town comedy from New Zealand looks at the romance between a country girl and a man accused of killing his family.,The New York Times,"['Movies', 'This Town (Movie)', 'White, David (Director)']",2021-05-20T20:19:17+0000,By Devika Girish,287,This Town
‘Tu Me Manques’ Review: Traces of a Lost Love,https://www.nytimes.com/2021/04/22/movies/tu-me-manques-review.html,A conservative father who could not accept his son’s sexuality is led on a contemplative tour of queer life in New York in this Bolivian film.,The New York Times,"['Movies', 'Tu Me Manques (Movie)', 'Martinez, Oscar (1949- )', 'Barbosa, Fernando (Actor)', 'Bellott, Rodrigo', 'Bolivia']",2021-04-22T11:00:07+0000,By Teo Bugbee,301,Tu Me Manques
‘Monday’ Review: A Year of Love and Its Hangovers,https://www.nytimes.com/2021/04/15/movies/monday-review.html,"Fiery physical contact keeps an expat couple together in Greece, and the sex scenes are enough for a half-dozen movies.",The New York Times,"['Movies', 'Papadimitropoulos, Argyris', 'Stan, Sebastian', 'Gough, Denise (1980- )', 'Monday (Movie)']",2021-04-15T11:00:08+0000,By Glenn Kenny,349,Monday
‘Ride or Die’ Review: Killing for Love,https://www.nytimes.com/2021/04/15/movies/ride-or-die-review.html,"After upending her life, a woman runs away with her longtime crush in this puzzling Japanese drama.",The New York Times,"['Movies', 'Ride or Die (Movie)', 'Hiroki, Ryuichi']",2021-04-15T11:00:03+0000,By Natalia Winkelman,338,Ride or Die
"‘Future People’ Review: Connected by Biology, Bonded by Love",https://www.nytimes.com/2021/04/09/movies/future-people-review.html,This documentary chronicles eight years in the lives of a group of children who form a bond after discovering they were conceived by the same sperm donor.,The New York Times,"['Documentary Films and Programs', 'Future People: The Family of Donor 5114 (Movie)', 'Artificial Insemination', 'Children and Childhood', 'Rothman, Michael (Filmmaker)']",2021-04-09T11:00:04+0000,By Natalia Winkelman,317,Future People
‘Luz’ Review: Love In and Out of Lockup,https://www.nytimes.com/2021/03/18/movies/luz-review.html,"In this romantic drama from Jon Garcia, two men find love in prison, then try to make it work on the outside.",The New York Times,"['Movies', 'Luz (Movie)', 'Garcia, Jon (1979- )']",2021-03-18T11:00:08+0000,By Teo Bugbee,296,Luz
‘Happily’ Review: Does Long-Lived Love Mean You Need Treatment?,https://www.nytimes.com/2021/03/18/movies/happily-review.html,"In this keeps-you-guessing comedy, Joel McHale and Kerry Bishé play a couple married for 14 years whose mutual passion is undimmed, to the annoyance of their friends.",The New York Times,"['Movies', 'Happily (Movie)', 'Grabinski, BenDavid']",2021-03-18T11:00:06+0000,By Glenn Kenny,344,Happily
‘This Is the Life’ Review: A Valuable Part of Hip-Hop History,https://www.nytimes.com/2021/02/23/movies/this-is-the-life-review.html,"Ava DuVernay’s 2008 documentary, now streaming on Netflix, is a personal love letter to a slice of Los Angeles’s 1990s hip-hop scene.",The New York Times,"['Documentary Films and Programs', 'Rap and Hip-Hop', 'DuVernay, Ava', 'Black People', 'Blacks', 'California', 'Los Angeles (Calif)', 'This Is the Life (Movie)']",2021-02-23T19:47:00+0000,By Robert Daniels,470,This Is the Life
‘To All the Boys: Always and Forever’ Review: Love Sweet Love,https://www.nytimes.com/2021/02/11/movies/to-all-the-boys-always-and-forever-review.html,"This final installment of the Netflix rom-com trilogy is earnest, bright-eyed and without a hint of cynicism.",The New York Times,"['Movies', 'Condor, Lana', 'Fimognari, Michael', 'Centineo, Noah', 'To All the Boys: Always and Forever (Movie)']",2021-02-12T02:00:03+0000,By Maya Phillips,482,To All the Boys: Always and Forever
‘Young Hearts’ Review: Movie Love by Algorithm,https://www.nytimes.com/2021/02/11/movies/young-hearts-review.html,"The brother and sister filmmakers Sarah Sherman and Zachary Ray Sherman deliver romance, unadorned.",The New York Times,"['Movies', 'Young Hearts (Movie)', 'Sherman, Sarah (Film Director)', 'Sherman, Zachary Ray (1984- )']",2021-02-11T12:00:06+0000,By Kristen Yoonsoo Kim,324,Young Hearts
‘Little Fish’ Review: Do You Remember Love?,https://www.nytimes.com/2021/02/04/movies/little-fish-review.html,This sci-fi romance imagines a world with widespread memory loss through the eyes of one couple.,The New York Times,"['Movies', 'Little Fish (Movie)', 'Hartigan, Chad']",2021-02-04T12:00:06+0000,By Kristen Yoonsoo Kim,315,Little Fish
‘Two of Us’ Review: Thwarted Love,https://www.nytimes.com/2021/02/04/movies/two-of-us-review-thwarted-love.html,An older lesbian couple is met with unexpected devastation in this aching romantic drama by Filippo Meneghetti.,The New York Times,"['Movies', 'Sukowa, Barbara', 'Two of Us (Movie)', 'Meneghetti, Filippo']",2021-02-04T12:00:03+0000,By Beatrice Loayza,313,Two of Us
‘Atlantis’ Review: A Bleak Apocalypse Love Story,https://www.nytimes.com/2021/01/21/movies/atlantis-review-a-bleak-apocalypse-love-story.html,"Ukraine’s official Oscar entry, the movie depicts an all-too-convincing dystopia, with no fancy gadgets or cars.",The New York Times,"['Movies', 'Atlantis (Movie)', 'Vasyanovych, Valentyn']",2021-01-21T12:00:06+0000,By Glenn Kenny,320,Atlantis
‘Preparations to Be Together’ Review: Mysteries of Love,https://www.nytimes.com/2021/01/21/movies/preparations-to-be-together-for-an-unknown-period-of-time-review.html,A neurosurgeon pursues the man of her dreams in this simmering portrait of obsession by the Hungarian filmmaker Lili Horvat.,The New York Times,"['Movies', 'Preparations to Be Together for an Unknown Period of Time (Movie)', 'Horvat, Lili']",2021-01-21T12:00:03+0000,By Beatrice Loayza,438,Preparations to Be Together
‘Your Name Engraved Herein’ Review: When Love Is All You Can See,https://www.nytimes.com/2020/12/24/movies/review-your-name-engraved-herein.html,The filmmaker Patrick Liu keeps the focus on the two young men in this Taiwanese drama and blurs the rest.,The New York Times,"['Movies', 'Taiwan', 'Liu, Patrick (Filmmaker)', 'Your Name Engraved Herein (Movie)']",2020-12-24T12:00:06+0000,By Teo Bugbee,295,Your Name Engraved Herein
"‘Sylvie’s Love’ Review: In the Mood for Romance, Sighs and Tears",https://www.nytimes.com/2020/12/22/movies/sylvies-love-review.html,Tessa Thompson and Nnamdi Asomugha star in a swoony love story that wonderfully rethinks the classic Hollywood melodrama.,The New York Times,"['Movies', 'Asomugha, Nnamdi', 'King, Aja Naomi', 'Longoria, Eva', 'Thompson, Tessa', 'Harlem (Manhattan, NY)', ""Sylvie's Love (Movie)"", 'Ashe, Eugene']",2020-12-22T19:12:32+0000,By Manohla Dargis,1022,Sylvie’s Love
"‘Ariana Grande: Excuse Me, I Love You’ Review: It’s Mutual",https://www.nytimes.com/2020/12/21/movies/review-ariana-grande-excuse-me-i-love-you.html,"Sometimes it’s enough to adore a pop star from afar, even if you aren’t an Arianator.",The New York Times,"['Pop and Rock Music', 'Documentary Films and Programs', 'Ariana Grande: Excuse Me, I Love You (Movie)', 'Grande, Ariana', 'Dugdale, Paul (1980- )', 'Content Type: Personal Profile']",2020-12-22T03:50:45+0000,By Chris Azzopardi,380,"Ariana Grande: Excuse Me, I Love You"
‘Museum Town’ Review: A Love Letter to Mass MoCA,https://www.nytimes.com/2020/12/17/movies/museum-town-review.html,This documentary looks at how a contemporary art museum in Western Massachusetts transformed a struggling small town.,The New York Times,"['Documentary Films and Programs', 'Art', 'Museum Town (Movie)', 'Trainer, Jennifer', 'Massachusetts Museum of Contemporary Art', 'Museums', 'North Adams (Mass)']",2020-12-17T15:49:52+0000,By Lovia Gyarkye,280,Museum Town
‘Wild Mountain Thyme’ Review: Finding Love Down on the Farm,https://www.nytimes.com/2020/12/10/movies/wild-mountain-thyme-review.html,John Patrick Shanley adapts his play “Outside Mullingar” into a movie. (Don’t worry about the accents.),The New York Times,"['Movies', 'Shanley, John Patrick', 'Blunt, Emily', 'Dornan, Jamie', 'Outside Mullingar (Play)', 'Wild Mountain Thyme (Movie)']",2020-12-10T12:00:04+0000,By Glenn Kenny,341,Wild Mountain Thyme
‘My Psychedelic Love Story’ Review: On the Run With Timothy Leary,https://www.nytimes.com/2020/11/26/movies/my-psychedelic-love-story-review.html,"This Errol Morris documentary explores the relationship between the LSD guru and Joanna Harcourt-Smith, a woman who likened herself to Mata Hari.",The New York Times,"['Documentary Films and Programs', 'My Psychedelic Love Story (Movie)', 'Harcourt-Smith, Joanna (1946-2020)', 'Morris, Errol', 'LSD (Lysergic Acid Diethylamide)', 'Content Type: Personal Profile']",2020-11-26T12:00:05+0000,By Glenn Kenny,599,My Psychedelic Love Story
‘69: The Saga of Danny Hernandez’ Review: A SoundCloud-Rap Rat,https://www.nytimes.com/2020/11/17/movies/69-saga-of-danny-hernadez-review.html,The rise and fall of the provocative rapper Tekashi69 is chronicled in this Hulu documentary.,The New York Times,"['Documentary Films and Programs', 'Rap and Hip-Hop', 'Gandhi, Vikram', '6ix9ine (Rapper)', '69: The Saga of Danny Hernandez (Movie)']",2020-11-17T19:07:20+0000,By Calum Marsh,363,69: The Saga of Danny Hernandez
‘Ammonite’ Review: Love on the Rocks,https://www.nytimes.com/2020/11/12/movies/ammonite-review.html,Kate Winslet’s fossil hunter and Saoirse Ronan’s convalescent embark on a forbidden seaside romance.,The New York Times,"['Movies', 'Ronan, Saoirse', 'Winslet, Kate', 'Lee, Francis (1969- )', 'Ammonite (Movie)']",2020-11-12T12:00:04+0000,By Jeannette Catsoulis,510,Ammonite
‘Love and Monsters’ Review: Coming-of-Age After the Apocalypse,https://www.nytimes.com/2020/10/15/movies/love-and-monsters-review.html,The new sci-fi adventure from Michael Matthews lacks the self-seriousness of typical dystopian flicks but doesn’t completely lack depth.,The New York Times,"['Matthews, Michael (Film Director)', 'Movies', 'Love and Monsters (Movie)']",2020-10-15T11:00:07+0000,By Lovia Gyarkye,284,Love and Monsters
"‘Dick Johnson Is Dead’ Review: A Father’s Painful, Funny Goodbye",https://www.nytimes.com/2020/10/01/movies/dick-johnson-is-dead-review.html,"With the help of her father, the documentary filmmaker Kirsten Johnson made a surprising, endearing movie about his death.",The New York Times,"['Dick Johnson Is Dead (Movie)', 'Documentary Films and Programs', 'Johnson, Kirsten (1965- )', 'Cameraperson (Movie)', 'Death and Dying']",2020-10-01T11:00:08+0000,By Manohla Dargis,816,Dick Johnson Is Dead
"‘Love, Guaranteed’ Review: Swiping Left on Online Dating",https://www.nytimes.com/2020/09/03/movies/love-guaranteed-review-swiping-left-on-online-dating.html,Rachael Leigh Cook stars in this rom-com about a lawyer and her charming new client who wants to sue a dating website for falsely promising love.,The New York Times,"['Movies', 'Cook, Rachael Leigh', 'Wayans, Damon Jr', 'Johnson, Mark Steven', 'Love, Guaranteed (Movie)']",2020-09-03T07:01:05+0000,By Natalia Winkelman,343,"Love, Guaranteed"
‘Feel the Beat’ Review: Tough Love in the Dance Studio,https://www.nytimes.com/2020/06/19/movies/feel-the-beat-review.html,A prickly professional dancer becomes a reluctant instructor for a preteen dance troupe in this formulaic dramedy.,The New York Times,"['Movies', 'Carson, Sofia (1993- )', 'Down, Elissa (1975- )', 'Feel the Beat (Movie)']",2020-06-19T07:01:02+0000,By Natalia Winkelman,253,Feel the Beat
"‘Babyteeth’ Review: Love Means Never Having, Well, You Know",https://www.nytimes.com/2020/06/18/movies/babyteeth-review.html,"Eliza Scanlen plays a seriously ill high schooler who falls for the wrong guy who turns out to have the right stuff, after all.",The New York Times,"['Movies', 'Babyteeth (Movie)', 'Murphy, Shannon (Film Director)', 'Scanlen, Eliza', 'Wallace, Toby (1996- )']",2020-06-18T16:31:36+0000,By Manohla Dargis,517,Babyteeth
‘Spelling the Dream’ Review: Words of Inspiration,https://www.nytimes.com/2020/06/03/movies/spelling-the-dream-review.html,"This Netflix documentary explores the unbroken Indian-American dominance of the U.S. national spelling bee, to less than winning results.",The New York Times,"['Documentary Films and Programs', 'Scripps National Spelling Bee', 'Rega, Sam', 'Spelling the Dream (Movie)', 'Spelling', 'Netflix Inc']",2020-06-03T12:44:10+0000,By Bilal Qureshi,296,Spelling the Dream
‘A Secret Love’ Review: A Lesbian Couple’s Enduring Affection,https://www.nytimes.com/2020/04/29/movies/a-secret-love-review.html,"This tender film explores the partnership between two women who lived, in public and to kin, as dear friends for six decades.",The New York Times,"['Documentary Films and Programs', 'Homosexuality and Bisexuality', 'Bolan, Chris (Filmmaker)', 'A Secret Love (Movie)']",2020-04-29T07:01:02+0000,By Natalia Winkelman,309,A Secret Love
‘Love Wedding Repeat’ Review: A Tumble Down the Aisle,https://www.nytimes.com/2020/04/10/movies/love-wedding-repeat-review-a-tumble-down-the-aisle.html,A couple’s reception becomes a disaster (or does it?) in this comedy of multiple errors.,The New York Times,"['Movies', 'Love Wedding Repeat (Movie)', 'Craig, Dean (1974- )', 'Claflin, Sam', 'Munn, Olivia']",2020-04-10T07:01:05+0000,By Amy Nicholson,414,Love Wedding Repeat
"‘Almost Love’ Review: Schooled in Romance, but Missing Class",https://www.nytimes.com/2020/04/02/movies/almost-love-review.html,This ensemble comedy treats class solidarity as the love that dare not speak its name.,The New York Times,"['Movies', 'Almost Love (Movie)', 'Doyle, Mike (1972- )']",2020-04-02T11:00:03+0000,By Teo Bugbee,408,Almost Love
‘Hope Gap’ Review: A Thin Line Between Love and War,https://www.nytimes.com/2020/03/05/movies/hope-gap-review-a-thin-line-between-love-and-war.html,Annette Bening and Bill Nighy play a couple that has lost its way after 29 years of marriage.,The New York Times,"['Movies', 'Bening, Annette', 'Nighy, Bill', 'Nicholson, William (1948- )', 'Hope Gap (Movie)']",2020-03-05T12:00:03+0000,By Aisha Harris,257,Hope Gap
‘All the Bright Places’ Review: Love Amid Trauma,https://www.nytimes.com/2020/02/28/movies/all-the-bright-places-review.html,Elle Fanning and Justice Smith breathe life into a film about mental illness and the healing power of love.,The New York Times,"['Movies', 'All the Bright Places (Movie)', 'Haley, Brett', 'Fanning, Elle', 'Smith, Justice (1995- )', 'Netflix Inc']",2020-02-28T08:01:07+0000,By Candice Frederick,233,All the Bright Places
‘The Photograph’ Review: An Unabashedly Old-School Love Story,https://www.nytimes.com/2020/02/13/movies/the-photograph-review.html,Issa Rae and a terrific Lakeith Stanfield play a New York couple whose romance sends them and the story into the past.,The New York Times,"['Movies', 'The Photograph (Movie)', 'Meghie, Stella', 'Rae, Issa', 'Stanfield, Lakeith']",2020-02-13T20:54:33+0000,By Manohla Dargis,862,The Photograph
‘You Go to My Head’ Review: Untrue Love,https://www.nytimes.com/2020/02/13/movies/you-go-to-my-head-review.html,A mysterious architect persuades an amnesiac that she’s his wife in this elusive romance set in the Sahara.,The New York Times,"['Movies', 'You Go to My Head (Movie)', 'de Clercq, Dimitri']",2020-02-13T12:00:05+0000,By Jeannette Catsoulis,292,You Go to My Head
‘Ordinary Love’ Review: In Sickness and in Health,https://www.nytimes.com/2020/02/12/movies/ordinary-love-review.html,Lesley Manville and Liam Neeson play a married couple facing a cancer diagnosis.,The New York Times,"['Movies', 'Ordinary Love (Movie)', 'Neeson, Liam', 'Manville, Lesley', ""D'Sa, Lisa Barros"", 'Leyburn, Glenn']",2020-02-12T19:46:45+0000,By A.O. Scott,569,Ordinary Love
"‘To All the Boys: P.S. I Still Love You’ Review: Bliss, for Now",https://www.nytimes.com/2020/02/11/movies/to-all-the-boys-ps-i-still-love-you-review.html,The second installment in Netflix’s ’80s-style teen romance trilogy asks the question John Hughes left unanswered.,The New York Times,"['Movies', 'Condor, Lana', 'Centineo, Noah', 'To All the Boys: PS I Still Love You (Movie)', 'Fimognari, Michael']",2020-02-11T18:33:41+0000,By Amy Nicholson,654,To All the Boys: P.S. I Still Love You
‘The Woman Who Loves Giraffes’ Review: Crackers for Animals,https://www.nytimes.com/2020/01/09/movies/the-woman-who-loves-giraffes-review.html,"This warm documentary uses one woman’s singular passion to fuel a tale of zoological discovery, blatant sexism and environmental alarm.",The New York Times,"['Documentary Films and Programs', 'Giraffes', 'The Woman Who Loves Giraffes (Movie)', 'Dagg, Anne Innis', 'Reid, Alison (Filmmaker)']",2020-01-09T12:00:04+0000,By Jeannette Catsoulis,279,The Woman Who Loves Giraffes
‘Queen & Slim’ Review: Love on the Run,https://www.nytimes.com/2019/11/26/movies/queen-and-slim-review.html,Daniel Kaluuya and Jodie Turner-Smith star in Melina Matsoukas’s dreamy but intense outlaw romance.,The New York Times,"['Movies', 'Queen & Slim (Movie)', 'Matsoukas, Melina', 'Waithe, Lena', 'Kaluuya, Daniel', 'Turner-Smith, Jodie']",2019-11-26T17:41:50+0000,By A.O. Scott,799,Queen & Slim
‘Marriage Story’ Review: Dance Me to the End of Love,https://www.nytimes.com/2019/11/05/movies/marriage-story-review.html,"Adam Driver and Scarlett Johansson self-consciously uncouple in Noah Baumbach’s tender, stinging tale of divorce.",The New York Times,"['Movies', 'Baumbach, Noah', 'Marriage Story (Movie)', 'Driver, Adam', 'Johansson, Scarlett', 'Alda, Alan', 'Dern, Laura', 'Liotta, Ray']",2019-11-05T19:01:02+0000,By A.O. Scott,1244,Marriage Story
"‘Cyrano, My Love’ Review: A Nose for Romance",https://www.nytimes.com/2019/10/17/movies/cyrano-my-love-review.html,This superficial take on the writing and initial staging of “Cyrano de Bergerac” is a whirlwind of soapy declarations and backstage chaos.,The New York Times,"['Movies', 'Cyrano, My Love (Movie)', 'Michalik, Alexis']",2019-10-17T11:00:03+0000,By Jeannette Catsoulis,291,"Cyrano, My Love"
"‘Pretenders’ Review: A Little New Wave Love, a Lot of Misogyny",https://www.nytimes.com/2019/10/03/movies/pretenders-review.html,"Directed by James Franco and featuring James Franco, this film indulges in a distasteful brand of nostalgia.",The New York Times,"['Movies', 'Franco, James', 'Pretenders (Movie)']",2019-10-03T11:00:07+0000,By Glenn Kenny,276,Pretenders
‘First Love’ Review: Eluding Assassins With the Help of a Boxer,https://www.nytimes.com/2019/09/26/movies/first-love-review.html,The prolific director Takashi Miike delivers an unusually satisfying Japanese genre romp.,The New York Times,"['Movies', 'Miike, Takashi', 'First Love (Movie)']",2019-09-26T11:00:06+0000,By Glenn Kenny,398,First Love
"‘Loro’ Review: A Corrupt Leader, and the People Who Love Him",https://www.nytimes.com/2019/09/19/movies/loro-review.html,Toni Servillo plays the former Italian Prime Minister Silvio Berlusconi in Paolo Sorrentino’s extravagant portrait.,The New York Times,"['Movies', 'Loro (Movie)', 'Servillo, Toni', 'Sorrentino, Paolo', 'Berlusconi, Silvio', 'Italy']",2019-09-19T17:27:07+0000,By A.O. Scott,820,Loro
‘Falling Inn Love’ Review: A Prize That Needs Some Work,https://www.nytimes.com/2019/08/29/movies/falling-inn-love-review.html,"It’s hard to find a reliable, talented, reasonably priced, eco-friendly contractor these days.",The New York Times,"['Movies', 'Netflix Inc', 'Kumble, Roger', 'Milian, Christina', 'Demos, Adam', 'Falling Inn Love (Movie)']",2019-08-29T14:56:44+0000,By Helen T. Verongos,374,Falling Inn Love
‘Hot Air’ Review: A Right-Wing Radio Host Learns to Love Again,https://www.nytimes.com/2019/08/22/movies/hot-air-review.html,Steve Coogan stars in this cumbersome political comedy.,The New York Times,"['Movies', 'Coogan, Steve', 'Coraci, Frank', 'Hot Air (Movie)', 'Campbell, Neve']",2019-08-22T15:50:09+0000,By Bilge Ebiri,266,Hot Air
"‘Love, Antosha’ Review: A Heartbreaking Look at an Actor’s Too-Short Life",https://www.nytimes.com/2019/08/08/movies/love-anthosa-review.html,"Anton Yelchin, who played Chekov in the J.J. Abrams-produced “Star Trek” films, assembled an eclectic filmography before his death at 27 in 2016.",The New York Times,"['Documentary Films and Programs', 'Love, Antosha (Movie)', 'Price, Garret', 'Yelchin, Anton']",2019-08-08T09:00:10+0000,By Glenn Kenny,319,"Love, Antosha"
‘Leto’ Review: Love and Rock in Leningrad,https://www.nytimes.com/2019/06/06/movies/leto-review.html,Kirill Serebrennikov’s gentle mood piece brings an underground music scene to vivid life.,The New York Times,"['Music', 'Leto (Movie)', 'Serebrennikov, Kirill S']",2019-06-06T11:00:02+0000,By Jeannette Catsoulis,283,Leto
‘The Tomorrow Man’ Review: Love Among the Neuroses,https://www.nytimes.com/2019/05/21/movies/the-tomorrow-man-review.html,Blythe Danner and John Lithgow strain to elevate this twee late-life romance.,The New York Times,"['Movies', 'The Tomorrow Man (Movie)', 'Danner, Blythe', 'Lithgow, John', 'Jones, Noble']",2019-05-21T11:00:01+0000,By Jeannette Catsoulis,280,The Tomorrow Man
‘Asako I & II’ Review: Double the Love (and the Heartbreak),https://www.nytimes.com/2019/05/16/movies/asako-i-and-ii-review.html,The Japanese director Ryusuke Hamaguchi follows up his marathon “Happy Hour” with a story of love among young urbanites.,The New York Times,"['Movies', 'Asako I & II (Movie)', 'Hamaguchi, Ryusuke']",2019-05-16T11:00:01+0000,By Glenn Kenny,547,Asako I & II
"‘The Sun Is Also a Star’ Review: A Charming, if Generic, Adolescent Love Story",https://www.nytimes.com/2019/05/15/movies/the-sun-is-also-a-star-review.html,"Yara Shahidi and Charles Melton play teenagers falling in love on a hectic, sunny day in New York.",The New York Times,"['Movies', 'The Sun Is Also a Star (Movie)', 'Russo-Young, Ry', 'Shahidi, Yara (2000- )', 'Yoon, Nicola (Author)', 'Melton, Charles (1991- )']",2019-05-15T16:01:27+0000,By A.O. Scott,697,The Sun Is Also a Star
‘Shéhérazade’ Review: Love in the Mean Streets of Marseille,https://www.nytimes.com/2019/05/10/movies/sheherazade-review.html,The options are few and most of them involve risk or further deprivation for these French teenagers who face the world with little support.,The New York Times,"['Movies', 'Netflix Inc', 'Sheherazade (Movie)', 'Marlin, Jean-Bernard']",2019-05-10T11:00:01+0000,By Helen T. Verongos,350,Shéhérazade
‘Long Shot’ Review: Charlize Theron and Seth Rogen Give Good Heart,https://www.nytimes.com/2019/05/02/movies/long-shot-review.html,The improbably yet perfectly paired stars play old friends who unexpectedly find love in this charming (and a bit vulgar) romantic comedy.,The New York Times,"['Movies', 'Comedy and Humor', 'Odenkirk, Bob', 'Rogen, Seth', 'Theron, Charlize', 'Long Shot (Movie)', 'Levine, Jonathan A (1976- )']",2019-05-02T17:43:25+0000,By Manohla Dargis,1025,Long Shot
‘Clara’ Review: Love Means Never Having to Say You’re Starry,https://www.nytimes.com/2019/05/02/movies/clara-review.html,A ruthless empiricist searching for life beyond Earth learns a thing or two about life on the planet.,The New York Times,"['Movies', 'Clara (Movie)', 'Adams, Patrick J', 'Esmer, Ennis (1978- )', 'Sherman, Akash']",2019-05-02T11:00:04+0000,By Ben Kenigsberg,256,Clara
‘Kalank’ Review: A Bollywood Love Story in the Shadow of Partition,https://www.nytimes.com/2019/04/19/movies/kalank-review.html,Abhishek Varman’s maximalist melodrama delivers spectacle (some of it mind-numbing) but fails to tell a gripping story.,The New York Times,"['Movies', 'Kalank (Movie)', 'Varman, Abhishek']",2019-04-19T15:38:08+0000,By Rachel Saltz,479,Kalank
"‘Rafiki’ Review: Falling in Love, Illegally",https://www.nytimes.com/2019/04/18/movies/rafiki-review.html,The story of a romance between two Kenyan women was shown at Cannes after being banned in Kenya.,The New York Times,"['Movies', 'Kahiu, Wanuri', 'Rafiki (Movie)', 'Mugatsia, Samantha', 'Munyiva, Sheila']",2019-04-18T11:00:06+0000,By Ben Kenigsberg,251,Rafiki
"‘Diane’ Review: A Vibrant Tale of Love, Sisterhood and Decline",https://www.nytimes.com/2019/03/28/movies/diane-review.html,"Mary Kay Place is astonishing as a weary widow dealing with guilt, heartache and a diminishing circle of friends.",The New York Times,"['Movies', 'Diane (Movie)', 'Jones, Kent', 'Place, Mary Kay', 'Parsons, Estelle', 'Martin, Andrea (1947- )']",2019-03-28T11:00:01+0000,By Jeannette Catsoulis,511,Diane
‘Five Feet Apart’ Review: Ailing Teenagers Live Dangerously for Love,https://www.nytimes.com/2019/03/14/movies/five-feet-apart-review.html,Haley Lu Richardson and Cole Sprouse navigate the rules of attraction and of a hospital in this film about living with cystic fibrosis.,The New York Times,"['Movies', 'Five Feet Apart (Movie)', 'Baldoni, Justin']",2019-03-14T13:00:07+0000,By Ben Kenigsberg,258,Five Feet Apart
‘Ash Is Purest White’ Review: Love Smolders and Crime Pays in a Changing China,https://www.nytimes.com/2019/03/13/movies/ash-is-purest-white-review.html,"In Jia Zhangke’s enthralling new feature, Zhao Tao and Liao Fan portray an underworld power couple at the mercy of time and fate.",The New York Times,"['Movies', 'Jia Zhang Ke', 'Liao Fan (1974- )', 'Zhao Tao (1977- )', 'Ash Is Purest White (Movie)']",2019-03-13T15:44:46+0000,By A.O. Scott,911,Ash Is Purest White
‘Gloria Bell’ Review: Love Is in the Air for a Transcendent Julianne Moore,https://www.nytimes.com/2019/03/07/movies/gloria-bell-review.html,The Chilean writer-director Sebastián Lelio finds a perfect partner in Moore for this fantastic remake of his 2013 movie “Gloria.”,The New York Times,"['Movies', 'Gloria Bell (Movie)', 'Moore, Julianne', 'Turturro, John', 'Lelio, Sebastian']",2019-03-07T18:49:47+0000,By Manohla Dargis,991,Gloria Bell
‘Black Mother’ Review: Exploring the Roots of Life Itself,https://www.nytimes.com/2019/03/06/movies/black-mother-review.html,"In Khalik Allah’s poetic movie, the most prevalent perspective is not that of a documentarian, but of a filmmaker’s love.",The New York Times,"['Documentary Films and Programs', 'Allah, Khalik (1985- )', 'Black Mother (Movie)']",2019-03-06T18:30:16+0000,By Glenn Kenny,380,Black Mother
‘The Hole in the Ground’ Review: A Horror Film Is Suffocated by a Mother’s Love,https://www.nytimes.com/2019/02/28/movies/the-hole-in-the-ground-review.html,"Something strange is going on in the Irish countryside, and it’s not just the giant roiling pit of dirt.",The New York Times,"['Movies', 'The Hole in the Ground (Movie)', 'Cronin, Lee (Film Director)']",2019-02-28T12:00:09+0000,By Teo Bugbee,291,The Hole in the Ground
‘How to Train Your Dragon: The Hidden World’ Review: A Series Scales Up,https://www.nytimes.com/2019/02/20/movies/how-to-train-your-dragon-hidden-world-review.html,The third in this franchise concerns the exigencies that poor Hiccup must face as the leader of Berk.,The New York Times,"['Movies', 'DeBlois, Dean', 'Baruchel, Jay', 'Abraham, F Murray', 'Ferrera, America', 'How to Train Your Dragon: The Hidden World (Movie)']",2019-02-21T00:02:36+0000,By Ben Kenigsberg,531,How to Train Your Dragon: The Hidden World
‘A Tuba to Cuba’ Review: A New Orleans Jazz Band Makes a Caribbean Connection,https://www.nytimes.com/2019/02/14/movies/a-tuba-to-cuba-review.html,This joyous documentary follows the Preservation Hall Jazz Band to Cuba for a celebration of musical history and common bonds.,The New York Times,"['Documentary Films and Programs', 'A Tuba to Cuba (Movie)', 'Herrington, TG', 'Clinch, Danny', 'Jazz', 'Preservation Hall Jazz Band']",2019-02-14T12:00:01+0000,By Jeannette Catsoulis,267,A Tuba to Cuba
"‘Fighting With My Family’ Review: They Body Slam You, Your Mum and Dad. Lovingly.",https://www.nytimes.com/2019/02/13/movies/fighting-with-my-family-review.html,"Dwayne Johnson helped produce this charming comedy about a family of professional wrestlers, their chops, drops and drama.",The New York Times,"['Movies', 'Fighting with My Family (Movie)', 'Merchant, Stephen', 'Pugh, Florence', 'Johnson, Dwayne (1972- )', 'Headey, Lena', 'Frost, Nick', 'Vaughn, Vince', 'Lowden, Jack (1990- )']",2019-02-13T23:46:10+0000,By Manohla Dargis,759,Fighting With My Family
"‘Sorry Angel’ Review: A Love Affair Two Men Start, Knowing the End",https://www.nytimes.com/2019/02/12/movies/sorry-angel-review.html,"Set in early 1990s Paris, Christophe Honoré’s new film presents us with a middle-aged, H.I.V.-stricken writer falling, wearily, for a bookish 20-something.",The New York Times,"['Movies', 'Sorry Angel (Movie)', 'Honore, Christophe']",2019-02-12T21:46:52+0000,By Glenn Kenny,491,Sorry Angel
"‘Berlin, I Love You’ Review: Many Stories, Not Much Feeling",https://www.nytimes.com/2019/02/07/movies/berlin-i-love-you-review.html,"The once-divided nature of Berlin isn’t given much consideration in this film, part of the Cities of Love series.",The New York Times,"['Movies', 'Berlin, I Love You (Movie)', 'Agron, Dianna', 'Knightley, Keira', 'Luna, Diego', 'Mirren, Helen', 'Rourke, Mickey', 'Wilson, Luke']",2019-02-07T12:00:01+0000,By Glenn Kenny,227,"Berlin, I Love You"
"‘Untogether’ Review: Adrift in Los Angeles, Looking for Love",https://www.nytimes.com/2019/02/07/movies/untogether-review.html,Jemima Kirke and Lola Kirke play damaged siblings in this exasperatingly affected romantic drama from Emma Forrest.,The New York Times,"['Movies', 'Dornan, Jamie', 'Kirke, Jemima', 'Kirke, Lola', 'Untogether (Movie)', 'Forrest, Emma']",2019-02-07T12:00:01+0000,By Jeannette Catsoulis,269,Untogether
‘Cold War’ Review: Love Without Borders,https://www.nytimes.com/2018/12/20/movies/cold-war-review.html,"In post-World War II Poland, a singer and a piano player find each other, fall in love and soon end up on opposite sides of history.",The New York Times,"['Movies', 'Cold War (Movie)', 'Pawlikowski, Pawel', 'Kot, Tomasz', 'Kulesza, Agata', 'Szyc, Borys', 'Kulig, Joanna']",2018-12-20T17:09:56+0000,By Manohla Dargis,981,Cold War
‘If Beale Street Could Talk’ Review: Trusting Love in a World Ruled by Hate,https://www.nytimes.com/2018/12/12/movies/if-beale-street-could-talk-review.html,"The couple in this adaptation of James Baldwin’s novel are loving while black, an existential truth that is turned into a nightmare.",The New York Times,"['Movies', 'If Beale Street Could Talk (Movie)', 'Jenkins, Barry', 'Baldwin, James (1924-87)', 'James, Stephan (1993- )', 'Layne, KiKi', 'Wittrock, Finn']",2018-12-12T21:30:02+0000,By Manohla Dargis,1057,If Beale Street Could Talk
‘Asher’ Review: An Aging Hit Man Finds Love,https://www.nytimes.com/2018/12/06/movies/asher-review.html,Ron Perlman and Famke Janssen star in this film that finds a hired killer dealing with his own mortality.,The New York Times,"['Movies', 'Asher (Movie)', 'Caton-Jones, Michael', 'Perlman, Ron', 'Janssen, Famke']",2018-12-06T12:00:04+0000,By Glenn Kenny,259,Asher
‘The Party’s Just Beginning’ Review: Loss and Love in Inverness,https://www.nytimes.com/2018/12/06/movies/the-partys-just-beginning-review.html,The actress Karen Gillan gets glum to play a depressed young woman in her feature directorial debut.,The New York Times,"['Movies', ""The Party's Just Beginning (Movie)"", 'Pace, Lee', 'Gillan, Karen (1987- )', 'Beard, Matthew (1989- )']",2018-12-06T12:00:01+0000,By Glenn Kenny,264,The Party’s Just Beginning
‘The Great Pretender’ Review: Tedious Love Affairs in Artsy Brooklyn,https://www.nytimes.com/2018/12/06/movies/the-great-pretender-review.html,"In Nathan Silver’s new film, American bros break the hearts of beautiful Frenchwomen. Realism or wishful thinking?",The New York Times,"['Movies', 'The Great Pretender (Movie)', 'Silver, Nathan (Film Director)', 'Garrel, Esther']",2018-12-06T12:00:01+0000,By Glenn Kenny,317,The Great Pretender
‘Sicilian Ghost Story’ Review: Fairy-Tale Love Meets Real-Life Crime,https://www.nytimes.com/2018/11/29/movies/sicilian-ghost-story-review.html,"Flipping from bucolic to brutal with distressing ease, this beautifully realized movie views a Mafia kidnapping through the prism of first love.",The New York Times,"['Movies', 'Sicilian Ghost Story (Movie)', 'Grassadonia, Fabio', 'Piazza, Antonio']",2018-11-29T12:00:06+0000,By Jeannette Catsoulis,258,Sicilian Ghost Story
‘The New Romantic’ Review: Experiments With Love and Money,https://www.nytimes.com/2018/11/08/movies/the-new-romantic-review.html,A college newspaper columnist writes about her experiences trading gifts for sex in a film that squanders its good will.,The New York Times,"['Movies', 'The New Romantic (Movie)', 'Barden, Jessica (1992- )', 'Stone, Carly (Film Director)']",2018-11-08T12:05:01+0000,By Teo Bugbee,269,The New Romantic
‘Pimp’ Review: Blaxploitation and Lesbian Love,https://www.nytimes.com/2018/11/08/movies/pimp-review.html,This lurid melodrama follows a female pimp (Keke Palmer) and her girlfriend-prostitute.,The New York Times,"['Movies', 'Palmer, Keke', 'Gathegi, Edi', 'Crokos, Christine', 'Pimp (Movie)']",2018-11-08T12:00:01+0000,By Jeannette Catsoulis,270,Pimp
‘In a Relationship’ Review: Two Couples at Opposite Stages of Love,https://www.nytimes.com/2018/11/08/movies/in-a-relationship-review.html,"Sam Boyd’s gentle, loose-limbed romantic comedy wins no prizes for originality.",The New York Times,"['Movies', 'Roberts, Emma (1991- )', 'Angarano, Michael', 'Hemingway, Dree (1987- )', 'In a Relationship (Movie)', 'Boyd, Sam (Film Director)']",2018-11-08T12:00:01+0000,By Jeannette Catsoulis,253,In a Relationship
Review: ‘They’ll Love Me When I’m Dead’ Documents Orson Welles’s Last Film,https://www.nytimes.com/2018/11/01/movies/theyll-love-me-when-im-dead-review-documentary.html,Morgan Neville’s movie tells the tumultuous behind-the-scenes story of the making and near-unmaking of “The Other Side of the Wind.”,The New York Times,"['Documentary Films and Programs', ""They'll Love Me When I'm Dead (Movie)"", 'Neville, Morgan', 'The Other Side of the Wind (Movie)', 'Welles, Orson']",2018-11-01T13:56:39+0000,By Manohla Dargis,794,They’ll Love Me When I’m Dead’ Documents Orson Welles’s Last Fil
"Review: In ‘Burning,’ Love Ignites a Divided World",https://www.nytimes.com/2018/10/25/movies/burning-review.html,The great South Korean director Lee Chang-dong’s latest involves three characters subsumed by desire and rage.,The New York Times,"['Movies', 'Burning (Movie)', 'Lee Chang-dong', 'Yeun, Steven', 'Murakami, Haruki']",2018-10-25T17:39:04+0000,By Manohla Dargis,949,"Burning,’ Love Ignites a Divided Worl"
"Review: In ‘After Everything,’ a Young Love Blooms in Crisis",https://www.nytimes.com/2018/10/11/movies/after-everything-review.html,This cancer drama focuses less on the high stakes of illness than on how two young people talk to each other in sickness and in health.,The New York Times,"['Movies', 'After Everything (Movie)', 'White, Jeremy Allen', 'Monroe, Maika']",2018-10-11T11:00:01+0000,By Teo Bugbee,268,"After Everything,’ a Young Love Blooms in Crisi"
Review: ‘Quincy’ Captures a Lifelong Love Affair With Music,https://www.nytimes.com/2018/09/20/movies/quincy-review-quincy-jones.html,"A documentary reveals its octogenarian subject as still busy and productive, and not a little haunted by memories of friends now gone.",The New York Times,"['Quincy (Movie)', 'Jones, Quincy', 'Jones, Rashida', 'Hicks, Alan', 'Documentary Films and Programs', 'Music', 'Netflix Inc']",2018-09-20T14:00:01+0000,By Glenn Kenny,460,Quincy’ Captures a Lifelong Love Affair With Musi
"Review: In ‘Love, Gilda,’ a Portrait of a Brief and Brilliant Career",https://www.nytimes.com/2018/09/20/movies/love-gilda-review-saturday-night-live-documentary.html,"Adding to the booming genre of comedian documentaries, this film is an affectionate portrait of one of the first major stars of “Saturday Night Live.”",The New York Times,"['Documentary Films and Programs', 'Love, Gilda (Movie)', 'Radner, Gilda', ""D'Apolito, Lisa"", 'Saturday Night Live (TV Program)', 'Television', 'Comedy and Humor']",2018-09-20T11:00:01+0000,By Jason Zinoman,421,"Love, Gilda,’ a Portrait of a Brief and Brilliant Caree"
"Review: In ‘Tea With the Dames,’ Four Legends Dish on Acting and Love",https://www.nytimes.com/2018/09/20/movies/tea-with-the-dames-review.html,"This documentary with a simple premise — Eileen Atkins, Judi Dench, Joan Plowright and Maggie Smith in conversation — delivers insight and gossip.",The New York Times,"['Documentary Films and Programs', 'Tea with the Dames (Movie)', 'Dench, Judi', 'Smith, Maggie', 'Plowright, Joan', 'Hebets, Eileen A', 'Michell, Roger']",2018-09-20T11:00:01+0000,By Glenn Kenny,271,"Tea With the Dames,’ Four Legends Dish on Acting and Lov"
"Review: In ‘Bel Canto,’ Music Is the Food of Love and Rebellion",https://www.nytimes.com/2018/09/13/movies/bel-canto-review-julianne-moore.html,Julianne Moore plays an opera singer trapped in a South American mansion in this disappointingly passionless film.,The New York Times,"['Movies', 'Moore, Julianne', 'Weitz, Paul', 'Watanabe, Ken', 'Bel Canto (Movie)']",2018-09-13T11:00:01+0000,By Jeannette Catsoulis,464,"Bel Canto,’ Music Is the Food of Love and Rebellio"
"Review: In ‘The Citizen,’ an Immigrant Picks a Bad Time to Fall in Love",https://www.nytimes.com/2018/07/05/movies/the-citizen-review.html,"This Hungarian film is a careful, compassionate and beautifully acted character drama with a social conscience.",The New York Times,"['Movies', 'The Citizen (Movie)', 'Vranik, Roland']",2018-07-05T12:00:01+0000,By Glenn Kenny,274,"The Citizen,’ an Immigrant Picks a Bad Time to Fall in Lov"
"Review: In ‘Love, Cecil,’ an Aesthete Ahead of His Time",https://www.nytimes.com/2018/06/28/movies/love-cecil-beaton-documentary-review.html,"Lisa Immordino Vreeland’s new documentary is about Cecil Beaton, the British dandy, photographer and theatrical designer.",The New York Times,"['Documentary Films and Programs', 'Love, Cecil (Movie)', 'Beaton, Cecil', 'Vreeland, Lisa Immordino']",2018-06-28T11:00:01+0000,By Glenn Kenny,293,"Love, Cecil,’ an Aesthete Ahead of His Tim"
Review: An Alien Teaches a Teenage Punk ‘How to Talk to Girls at Parties’,https://www.nytimes.com/2018/05/24/movies/how-to-talk-to-girls-at-parties-review.html,John Cameron Mitchell’s loony romantic comedy encourages young love to bloom in the soil of an alien visitation.,The New York Times,"['Movies', 'How to Talk to Girls at Parties (Movie)', 'Mitchell, John Cameron', 'Fanning, Elle', 'Sharp, Alexander']",2018-05-24T11:00:01+0000,By Jeannette Catsoulis,458,How to Talk to Girls at Parties
"Review: In ‘Rogers Park,’ Life and Love in a Chicago Neighborhood",https://www.nytimes.com/2018/04/26/movies/review-rogers-park.html,Two couples struggle to find serenity as middle age and its multiple discontents come breathing down their necks.,The New York Times,"['Movies', 'Rogers Park (Movie)', 'Henry, Kyle']",2018-04-26T11:00:10+0000,By Glenn Kenny,325,"Rogers Park,’ Life and Love in a Chicago Neighborhoo"
"Review: In ‘Love & Bananas,’ Uncovering the Plight of the Asian Elephant",https://www.nytimes.com/2018/04/26/movies/love-and-bananas-review-asian-elephants.html,"In this personal movie, the actress Ashley Bell embarks on an elephant rescue in Thailand that also reveals the threats to the animal’s survival.",The New York Times,"['Love & Bananas: An Elephant Story (Movie)', 'Bell, Ashley (1986- )', 'Elephants', 'Animal Abuse, Rights and Welfare', 'Documentary Films and Programs']",2018-04-26T11:00:01+0000,By Glenn Kenny,254,"Love & Bananas,’ Uncovering the Plight of the Asian Elephan"
"Review: If You Love Godard, You’ll Hate-Watch ‘Godard Mon Amour’",https://www.nytimes.com/2018/04/18/movies/godard-mon-amour-review.html,A portrait of a filmmaker in crisis that might have worked better as a comedy sketch.,The New York Times,"['Movies', 'Godard Mon Amour (Movie)', 'Hazanavicius, Michel', 'Godard, Jean-Luc', 'Wiazemsky, Anne', 'Garrel, Louis']",2018-04-18T23:02:46+0000,By A.O. Scott,937,Godard Mon Amour
"Review: In ‘Submergence,’ a Love Story Sunk by Geopolitics",https://www.nytimes.com/2018/04/12/movies/submergence-review-wim-wenders.html,"In Wim Wenders’s film, Alicia Vikander and James McAvoy are soul mates who find each other before a plotline involving Somali jihadists separates them.",The New York Times,"['Movies', 'Submergence (Movie)', 'Vikander, Alicia (1988- )', 'McAvoy, James', 'Wenders, Wim', 'Ledgard, J M', 'Dignam, Erin', 'Books and Literature']",2018-04-12T11:00:01+0000,By Glenn Kenny,591,"Submergence,’ a Love Story Sunk by Geopolitic"
"Review: In ‘Love After Love,’ an Unflinching Look at Extended Grief",https://www.nytimes.com/2018/03/29/movies/love-after-love-review.html,Russ Harbaugh’s debut feature delivers something rarely seen in American movies: a warts-and-all examination of extended grief.,The New York Times,"['Movies', 'Love After Love (Movie)', 'Harbaugh, Russ', 'MacDowell, Andie']",2018-03-29T11:00:01+0000,By Jeannette Catsoulis,280,"Love After Love,’ an Unflinching Look at Extended Grie"
Review: On Parole and in Love in ‘Outside In’,https://www.nytimes.com/2018/03/29/movies/outside-in-review-jay-duplass-edie-falco.html,Edie Falco and Jay Duplass connect romantically in this life-after-prison drama that prioritizes patience and pragmatism over passion.,The New York Times,"['Movies', 'Outside In (Movie)', 'Shelton, Lynn', 'Duplass, Jay', 'Falco, Edie', 'Dever, Kaitlyn']",2018-03-29T11:00:01+0000,By Jeannette Catsoulis,422,Outside In
"Review: In ‘Love, Simon,’ a Glossy Teen Romance, the Hero Has a Secret",https://www.nytimes.com/2018/03/15/movies/love-simon-review.html,"This comedy set in a particularly idyllic Atlanta suburb has a gay love story, a blackmailing weasel and surprising emotional resonance.",The New York Times,"['Movies', 'Love, Simon (Movie)', 'Berlanti, Greg', 'Robinson, Nick (1995- )']",2018-03-15T17:26:47+0000,By Glenn Kenny,272,"Love, Simon,’ a Glossy Teen Romance, the Hero Has a Secre"
"Review: In ‘Keep the Change,’ Two People With Autism Find Love",https://www.nytimes.com/2018/03/15/movies/keep-the-change-review.html,"A stubborn thirtysomething sentenced to spend time in an autism support group after an arrest finds romance, in this film starring actors with autism.",The New York Times,"['Movies', 'Keep the Change (Movie)', 'Israel, Rachel']",2018-03-15T16:10:25+0000,By Glenn Kenny,258,"Keep the Change,’ Two People With Autism Find Lov"
Review: A London Night Goes Wrong in ‘The Party’,https://www.nytimes.com/2018/02/15/movies/the-party-review-timothy-spall-kristin-scott-thomas.html,Sally Potter directs a very fine cast in a would-be comedy about a calamitously bad evening.,The New York Times,"['Movies', 'The Party (Movie)', 'Potter, Sally', 'Spall, Timothy', 'Scott Thomas, Kristin']",2018-02-15T12:00:25+0000,By Manohla Dargis,598,The Party
"Review: In ‘The Housemaid,’ Twisted Love and Angry Ghosts in Vietnam",https://www.nytimes.com/2018/02/15/movies/the-housemaid-review.html,"Set in 1953, when the country was under French colonial rule, the story takes place on a plantation that harbors shameful secrets — and an apparition.",The New York Times,"['Movies', 'Vietnam', 'Nguyen, Derek', 'The Housemaid (Movie)']",2018-02-15T12:00:02+0000,By Jeannette Catsoulis,273,"The Housemaid,’ Twisted Love and Angry Ghosts in Vietna"
"Review: In ‘Forever My Girl,’ a Romance Resumes After a Long Break",https://www.nytimes.com/2018/01/19/movies/forever-my-girl-review.html,There are few hard feelings in Bethany Ashton Wolf’s adaptation of a novel by Heidi McLaughlin.,The New York Times,"['Movies', 'Forever My Girl (Movie)', 'Wolf, Bethany Ashton']",2018-01-19T17:22:06+0000,By Glenn Kenny,273,"Forever My Girl,’ a Romance Resumes After a Long Brea"
Review: ‘Kangaroo: A Love-Hate Story’ Exposes a Wildlife Massacre,https://www.nytimes.com/2018/01/18/movies/kangaroo-a-love-hate-story-review.html,"The documentary looks at the mass killings of kangaroos for pet-food companies, leather processors and ranchers in Australia.",The New York Times,"['Kangaroo: A Love-Hate Story (Movie)', 'Kangaroos', 'Animal Abuse, Rights and Welfare', 'McIntyre Clere, Kate', 'McIntyre, Mick', 'Documentary Films and Programs', 'Australia']",2018-01-18T12:00:23+0000,By Ken Jaworowski,263,Kangaroo: A Love-Hate Story’ Exposes a Wildlife Massacr
Review: A Man and a Woman (and Another Woman) in ‘Lover for a Day’,https://www.nytimes.com/2018/01/11/movies/lover-for-a-day-review-philippe-garrel.html,"In Philippe Garrel’s drama, a 23-year-old woman moves in with her father and his 23-year-old girlfriend. Complications ensue.",The New York Times,"['Movies', 'Lover for a Day (Movie)', 'Garrel, Philippe']",2018-01-11T16:20:53+0000,By Manohla Dargis,863,Lover for a Day
"Review: In ‘Youth,’ the People’s Dance Troupe, in Love and War",https://www.nytimes.com/2017/12/14/movies/youth-review.html,This decades-spanning melodrama chronicles the rivalries and heartbreaks of a dance troupe in Mao’s China.,The New York Times,"['Movies', 'Feng Xiaogang', 'Youth (Movie)']",2017-12-14T12:00:26+0000,By Glenn Kenny,267,"Youth,’ the People’s Dance Troupe, in Love and Wa"
Review: ‘Killing for Love’ Revisits a Virginia Murder Case,https://www.nytimes.com/2017/12/14/movies/killing-for-love-review.html,"The true-crime documentary lays out a persuasive case for reasonable doubt in the case against Jens Soering, who was convicted, along with his girlfriend.",The New York Times,"['Killing for Love (Movie)', 'Soering, Jens', 'Haysom, Elizabeth', 'Vetter, Marcus (1967- )', 'Steinberger, Karin', 'Documentary Films and Programs', 'Murders, Attempted Murders and Homicides']",2017-12-14T12:00:26+0000,By Ben Kenigsberg,281,Killing for Love’ Revisits a Virginia Murder Cas
Review: ‘The Shape of Water’ Is Altogether Wonderful,https://www.nytimes.com/2017/11/30/movies/the-shape-of-water-review-guillermo-del-toro.html,"Guillermo del Toro’s latest film is an unlikely and lyrical love story, inspired by “Creature From the Black Lagoon.”",The New York Times,"['Movies', 'The Shape of Water (Movie)', 'Del Toro, Guillermo', 'Spencer, Octavia', 'Shannon, Michael', 'Hawkins, Sally', 'Jones, Doug (1960- )']",2017-11-30T16:10:56+0000,By A.O. Scott,924,The Shape of Water’ Is Altogether Wonderfu
"Review: In ‘Love Beats Rhymes,’ a Hip-Hop Artist Transformed by Poetry",https://www.nytimes.com/2017/11/30/movies/love-beats-rhymes-azealia-banks-rza.html,"The rap luminary RZA and the hip-hop musician Azealia Banks team up for a story of rap and poetry, “Love Beats Rhymes.”",The New York Times,"['Movies', 'Rap and Hip-Hop', 'RZA', 'Banks, Azealia', 'Love Beats Rhymes (Movie)']",2017-11-30T12:00:05+0000,By Glenn Kenny,319,"Love Beats Rhymes,’ a Hip-Hop Artist Transformed by Poetr"
Review: ‘Cuba and the Cameraman’ Lavishes Love on a Country … and Castro,https://www.nytimes.com/2017/11/23/movies/cuba-and-the-cameraman-review.html,The filmmaker Jon Alpert has been visiting and documenting Cuba for 45 years. His new movie looks back fondly at its people and its leader.,The New York Times,"['Documentary Films and Programs', 'Cuba', 'Cuba and the Cameraman (Movie)', 'Alpert, Jon']",2017-11-23T12:00:20+0000,By Glenn Kenny,427,Cuba and the Cameraman’ Lavishes Love on a Country … and Castr
Review: ‘On the Beach at Night Alone’ Zooms in on a Love Affair,https://www.nytimes.com/2017/11/16/movies/on-the-beach-at-night-alone-review-hong-sang-soo.html,Kim Min-hee stars in a new film from the prolific South Korean director Hong Sang-soo. The movie has been seen as based partly on their affair.,The New York Times,"['Movies', 'On the Beach at Night Alone (Movie)', 'Hong Sang-soo', 'Kim Min-hee']",2017-11-16T12:00:20+0000,By A.O. Scott,520,On the Beach at Night Alone’ Zooms in on a Love Affai
"Review: In ‘Thelma,’ a Woman in Love Can Burn Down the World",https://www.nytimes.com/2017/11/09/movies/review-in-thelma-a-woman-in-love-can-burn-down-the-world.html,"In Joachim Trier’s sly psychological thriller “Thelma,” a child-woman finds love and discovers that behaving like a good girl can be a very bad idea.",The New York Times,"['Movies', 'Thelma (Movie)', 'Trier, Joachim']",2017-11-09T20:08:31+0000,By Manohla Dargis,757,"Thelma,’ a Woman in Love Can Burn Down the Worl"
"Review: ‘Hello Again,’ a Movie Musical Ode to Love and Lust Over Decades",https://www.nytimes.com/2017/11/07/movies/hello-again-review.html,"This film from Tom Gustafson, based on a 1993 Off Broadway show, has a formidable cast of Broadway names but wants for dramatic traction.",The New York Times,"['Movies', 'Hello Again (Movie)', 'Gustafson, Tom', 'Jackson, Cheyenne', 'McDonald, Audra', 'Willis, Rumer (1988- )', 'LaChiusa, Michael John']",2017-11-07T19:13:29+0000,By Andy Webster,321,"Hello Again,’ a Movie Musical Ode to Love and Lust Over Decade"
"Review: ‘It Happened in L.A.,’ All That Questing After Love",https://www.nytimes.com/2017/11/02/movies/it-happened-in-la-review.html,"This ensemble comedy from Michelle Morgan concerns one woman who exits a relationship, and another who seeks one. Their city only complicates matters.",The New York Times,"['Movies', 'It Happened in L.A. (Movie)', 'Morgan, Michelle (Filmmaker)', 'Hemingway, Dree (1987- )']",2017-11-02T11:00:03+0000,By Andy Webster,263,"It Happened in L.A.,’ All That Questing After Lov"
"Review: Love Is Wild, if Not Pretty, in ‘God’s Own Country’",https://www.nytimes.com/2017/10/24/movies/gods-own-country-review.html,"This feature debut of the writer and director Francis Lee is a bracing, sometimes brutal movie.",The New York Times,"['Movies', ""God's Own Country (Movie)"", 'Lee, Francis (1969- )', ""O'Connor, Josh (Actor)"", 'Secareanu, Alec']",2017-10-24T11:00:24+0000,By Jeannette Catsoulis,295,God’s Own Country
Review: Love in a Cold Climate in ‘The Mountain Between Us’,https://www.nytimes.com/2017/10/05/movies/the-mountain-between-us-review-kate-winslet-idris-elba.html,Idris Elba and Kate Winslet crash into a mountain — and each other — in this drama.,The New York Times,"['Movies', 'The Mountain Between Us (Movie)', 'Abu-Assad, Hany', 'Elba, Idris', 'Winslet, Kate']",2017-10-05T11:00:05+0000,By Jeannette Catsoulis,272,The Mountain Between Us
"Review: In the Documentary ‘Dina,’ a Differently Abled Love Story",https://www.nytimes.com/2017/10/05/movies/dina-review.html,"An intimate, affecting film about a couple with autism, as they plan their wedding.",The New York Times,"['Dina (Movie)', 'Documentary Films and Programs', 'Sickles, Dan (Film Director)', 'Santini, Antonio (Film Director)', 'Autism', 'Dating and Relationships']",2017-10-05T11:00:05+0000,By Glenn Kenny,290,"Dina,’ a Differently Abled Love Stor"
Review: Love of Il Maestro Drives ‘In Search of Fellini’,https://www.nytimes.com/2017/09/14/movies/in-search-of-fellini-review.html,A sheltered young woman enamored of the films of the famous director sets off to Italy to meet him.,The New York Times,"['Movies', 'In Search of Fellini (Movie)', 'Cartwright, Nancy', 'Solo, Ksenia', 'Lexton, Taron']",2017-09-14T11:00:24+0000,By Monica Castillo,272,In Search of Fellini
"Review: ‘Woodpeckers,’ a Tale of Love and Agonizing Penal Confinement",https://www.nytimes.com/2017/09/14/movies/woodpeckers-review.html,José María Cabral’s drama concerns a male and female convict in adjacent penitentiaries who use a sign language — “woodpecking” — in order to connect.,The New York Times,"['Movies', 'Woodpeckers (Movie)', 'Cabral, Jose Maria', 'Jean, Jean (Actor)', 'Rodriguez, Judith (1985- )']",2017-09-14T10:00:14+0000,By Andy Webster,242,"Woodpeckers,’ a Tale of Love and Agonizing Penal Confinemen"
"Review: In ‘I Do ... Until I Don’t,’ Love and Loathing in Florida",https://www.nytimes.com/2017/08/31/movies/i-do-until-i-dont-review.html,Three married couples outwit a documentary filmmaker in Lake Bell’s sex comedy.,The New York Times,"['Movies', 'Bell, Lake', 'Reiser, Paul', ""I Do... Until I Don't (Movie)""]",2017-08-31T13:00:02+0000,By Jeannette Catsoulis,258,"I Do ... Until I Don’t,’ Love and Loathing in Florid"
Review: ‘Tales of an Immoral Couple’: Love Means Having to Grow Up,https://www.nytimes.com/2017/08/24/movies/tales-of-an-immoral-couple-review.html,"Twenty-five years after they split, two former high school sweethearts reluctantly reunite for an awkward night.",The New York Times,"['Movies', 'Tales of an Immoral Couple (Movie)', 'Caro, Manolo']",2017-08-24T16:22:43+0000,By Monica Castillo,284,Tales of an Immoral Couple’: Love Means Having to Grow U
Review: Staying Together ‘After Love’ and Regretting Every Moment,https://www.nytimes.com/2017/08/08/movies/after-love-review.html,"A couple break up, but remain together, frustratingly, because of the husband’s financial woes.",The New York Times,"['Movies', 'After Love (Movie)', 'Lafosse, Joachim', 'Bejo, Berenice', 'Kahn, Cedric']",2017-08-08T19:17:54+0000,By Glenn Kenny,274,After Love’ and Regretting Every Momen
Review: Aid Workers in Love and War in Sean Penn’s ‘The Last Face’,https://www.nytimes.com/2017/07/27/movies/the-last-face-review-charlize-theron-sean-penn.html,"In war-torn Liberia, Charlize Theron and Javier Bardem face a big problem: how to keep their knotty relationship from fizzling.",The New York Times,"['Movies', 'The Last Face (Movie)', 'Penn, Sean', 'Bardem, Javier', 'Theron, Charlize']",2017-07-27T20:29:01+0000,By Glenn Kenny,280,The Last Face
"Review: She Hosts ‘Women Who Kill,’ and May Be in Love With One",https://www.nytimes.com/2017/07/25/movies/women-who-kill-review.html,"In Ingrid Jungermann’s droll comedy, ex-lovers who produce a podcast about serial killers find themselves at odds when a new romantic interest emerges.",The New York Times,"['Movies', 'Women Who Kill (Movie)', 'Jungermann, Ingrid (1977- )']",2017-07-25T21:38:36+0000,By Ken Jaworowski,411,"Women Who Kill,’ and May Be in Love With On"
"Review: With ‘False Confessions,’ the Play’s Not Quite the Thing",https://www.nytimes.com/2017/07/13/movies/false-confessions-review-isabelle-huppert.html,Isabelle Huppert and Louis Garrel star in a screen version of an 18th-century Marivaux play and the last film directed by Luc Bondy.,The New York Times,"['Movies', 'False Confessions (Movie)', 'Bondy, Luc', 'Huppert, Isabelle', 'Garrel, Louis']",2017-07-13T19:49:06+0000,By Manohla Dargis,527,"False Confessions,’ the Play’s Not Quite the Thin"
"Review: Those Movies, Himself — Bertrand Tavernier’s Tour of French Cinema",https://www.nytimes.com/2017/06/22/movies/my-journey-through-french-cinema-review-bertrand-tavernier.html,"In “My Journey Through French Cinema,” Mr. Tavernier’s documentary about movies doubles as an autobiography.",The New York Times,"['Documentary Films and Programs', 'Tavernier, Bertrand', 'My Journey Through French Cinema (Movie)', 'France']",2017-06-22T21:14:56+0000,By Manohla Dargis,773,"Review: Those Movies, Himself — Bertrand Tavernier’s Tour of French Cinem"
"Review: In ‘The Big Sick,’ Comedy Is Hard, Love Harder",https://www.nytimes.com/2017/06/22/movies/the-big-sick-review-kumail-nanjiani.html,"Kumail Nanjiani stars opposite Zoe Kazan in this very funny, moving true story about how he found and almost lost love. Holly Hunter and Ray Romano also star.",The New York Times,"['Movies', 'The Big Sick (Movie)', 'Nanjiani, Kumail', 'Gordon, Emily V', 'Kazan, Zoe', 'Showalter, Michael']",2017-06-22T09:00:31+0000,By Manohla Dargis,1073,"The Big Sick,’ Comedy Is Hard, Love Harde"
Review: Finding Love (and Slapstick) While ‘Lost in Paris’,https://www.nytimes.com/2017/06/15/movies/lost-in-paris-review.html,"The filmmakers Fiona Gordon and Dominique Abel star in their fourth movie, a tale infused with physical comedy about a woman in search of her aunt.",The New York Times,"['Lost in Paris (Movie)', 'Movies', 'Abel, Dominique', 'Gordon, Fiona', 'Riva, Emmanuelle']",2017-06-15T19:37:09+0000,By Ben Kenigsberg,254,Lost in Paris
"Review: In ‘Vincent N Roxxy,’ Love Is in the Air, N So Is Fear",https://www.nytimes.com/2017/06/01/movies/vincent-n-roxxy-review.html,"This combination crime drama and romance finds Emile Hirsch and Zoë Kravitz circling each other, and trying to stay away from bad guys.",The New York Times,"['Movies', 'Vincent N Roxxy (Movie)', 'Kravitz, Zoe', 'Schultz, Gary Michael', 'Hirsch, Emile']",2017-06-01T19:52:51+0000,By Ken Jaworowski,287,"Vincent N Roxxy,’ Love Is in the Air, N So Is Fea"
"Review: ‘Everything, Everything’ Pits Love Against Disease",https://www.nytimes.com/2017/05/18/movies/everything-everything-review.html,"Amandla Stenberg plays a teenager with an immune system disorder who falls for the boy next door, and risks everything.",The New York Times,"['Movies', 'Everything, Everything (Movie)', 'Meghie, Stella', 'Stenberg, Amandla (1998- )', 'Robinson, Nick (1995- )']",2017-05-18T21:02:53+0000,By Neil Genzlinger,270,"Everything, Everything’ Pits Love Against Diseas"
Review: ‘Hounds of Love’ Is Tense and Deadly Down Under,https://www.nytimes.com/2017/05/11/movies/hounds-of-love-review.html,This feature debut of the Australian filmmaker Ben Young resembles a real-life couple’s killing spree in the 1980s.,The New York Times,"['Movies', 'Hounds of Love (Movie)', 'Young, Ben (Film Director)']",2017-05-11T20:16:51+0000,By Ben Kenigsberg,280,Hounds of Love’ Is Tense and Deadly Down Unde
Review: ‘Harold and Lillian’ Introduces a Hollywood Power Couple,https://www.nytimes.com/2017/04/27/movies/harold-and-lillian-review.html,"Meet the husband-and-wife team that inspired some of the most memorable moments onscreen, from “The Graduate” to “The Birds.”",The New York Times,"['Harold and Lillian: A Hollywood Love Story (Movie)', 'Raim, Daniel', 'Michelson, Harold', 'Michelson, Lillian', 'Documentary Films and Programs', 'Movies']",2017-04-27T20:29:44+0000,By Monica Castillo,263,Harold and Lillian’ Introduces a Hollywood Power Coupl
"Review: In ‘The Happiest Day in the Life of Olli Maki,’ Love and Life on the Ropes",https://www.nytimes.com/2017/04/20/movies/the-happiest-day-in-the-life-of-olli-maki-review.html,"Inspired by a true story, “The Happiest Day in the Life of Olli Maki” is a charmer about a boxer trying to win a championship and find his bliss.",The New York Times,"['Movies', 'The Happiest Day in the Life of Olli Maki (Movie)', 'Kuosmanen, Juho', 'Lahti, Jarkko']",2017-04-20T20:45:54+0000,By Manohla Dargis,824,"The Happiest Day in the Life of Olli Maki,’ Love and Life on the Rope"
Review: ‘The Promise’ Finds a Love Triangle in Constantinople,https://www.nytimes.com/2017/04/20/movies/the-promise-review-oscar-isaac.html,"Oscar Isaac, Christian Bale and Charlotte Le Bon star in this wartime romance with a heavy subject (genocide) but a corny plot.",The New York Times,"['Movies', 'The Promise (Movie)', 'George, Terry', 'Bale, Christian', 'Isaac, Oscar', 'Le Bon, Charlotte']",2017-04-20T16:49:46+0000,By Jeannette Catsoulis,455,The Promise’ Finds a Love Triangle in Constantinopl
"Review: ‘Frantz,’ a Mysterious Frenchman and the Wounds of War",https://www.nytimes.com/2017/03/14/movies/frantz-review.html,"François Ozon’s adaptation of Ernst Lubitsch’s 1932 antiwar film, “Broken Lullaby,” is set in Germany and France in the aftermath of World War I.",The New York Times,"['Frantz (Movie)', 'Niney, Pierre', 'Movies', 'Lubitsch, Ernst', 'Ozon, Francois']",2017-03-14T21:14:24+0000,By Stephen Holden,708,"Frantz,’ a Mysterious Frenchman and the Wounds of Wa"
Review: A Combustible Pair Find Love in ‘The Other Half’,https://www.nytimes.com/2017/03/09/movies/the-other-half-review-tatiana-maslany.html,This moody romance stars Tatiana Maslany (“Orphan Black”) as a bipolar painter in love with a brooding cabby (Tom Cullen of “Downton Abbey”).,The New York Times,"['Movies', 'The Other Half (Movie)', 'Maslany, Tatiana', 'Cullen, Tom (1985- )', 'Klein, Joey (Film Director)']",2017-03-09T21:54:58+0000,By Andy Webster,251,The Other Half
"Review: Love as the World Wars, in ‘The Ottoman Lieutenant’",https://www.nytimes.com/2017/03/09/movies/review-the-ottoman-lieutenant.html,A nurse travels to the Ottoman Empire on the eve of World War I. Can romance blossom amid earthshaking events?,The New York Times,"['Movies', 'The Ottoman Lieutenant (Movie)', 'Ruben, Joseph', 'Hartnett, Josh', 'Stockwell, Jeff (1958- )', 'Hilmar, Hera', 'Huisman, Michiel']",2017-03-09T21:53:12+0000,By Neil Genzlinger,267,The Ottoman Lieutenant
Review: It’s All Mirth and Taxes in ‘Love & Taxes’,https://www.nytimes.com/2017/03/02/movies/love-taxes-review.html,Josh Kornbluth runs afoul of the Internal Revenue Service after failing to file tax returns for seven years.,The New York Times,"['Love & Taxes (Movie)', 'Kornbluth, Jacob', 'Movies', 'Kornbluth, Josh']",2017-03-02T21:44:18+0000,By Ken Jaworowski,246,Love & Taxes
"Review: ‘Everybody Loves Somebody,’ a Rom-Com With Bite",https://www.nytimes.com/2017/02/16/movies/everybody-loves-somebody-review.html,"A messed-up heroine is asked to choose between naughty and nice in Catalina Aguilar Mastretta’s sophomore feature, which is predictable but satisfying.",The New York Times,"['Movies', 'Everybody Loves Somebody (Movie)', 'Aguilar Mastretta, Catalina', 'Souza, Karla (1985- )']",2017-02-16T21:45:50+0000,By Jeannette Catsoulis,256,"Everybody Loves Somebody,’ a Rom-Com With Bit"
"Review: Cute Cats of ‘Kedi,’ Rekindling a ‘Love of Life’",https://www.nytimes.com/2017/02/09/movies/kedi-review.html,This documentary profiles distinctive street cats in Istanbul and the human communities that interact with them.,The New York Times,"['Kedi (Movie)', 'Documentary Films and Programs', 'Cats', 'Istanbul (Turkey)', 'Torun, Ceyda']",2017-02-09T16:21:39+0000,By Glenn Kenny,274,"Kedi,’ Rekindling a ‘Love of Life"
